precision,recall,threshold
0.41791666666666666,1.0,8.104888445780775e-06
0.4189640768588137,1.0,1.612744239714889e-05
0.4196652719665272,1.0,1.8192491442063704e-05
0.4776190476190476,1.0,2.2446557721003544e-05
0.4780743565300286,1.0,2.2976757465642037e-05
0.4783023366714354,1.0,2.3066482945234472e-05
0.47921643573817485,1.0,2.4127209542953913e-05
0.49727317798710957,1.0,2.451160676591836e-05
0.5045271629778671,1.0,2.504180651055685e-05
0.5081053698074974,1.0,2.9385598269089133e-05
0.508362899138368,1.0,3.044632486680857e-05
0.5093956323006602,1.0,3.097652461144706e-05
0.5099135739705135,1.0,3.176824918142754e-05
0.5112130479102956,1.0,3.3470486448800366e-05
0.5114737378888322,1.0,3.493488899638394e-05
0.5119959162838182,1.0,3.594397073200453e-05
0.5237597911227154,1.0,3.770296728231776e-05
0.5243073706220596,1.0,3.940520454969057e-05
0.524581589958159,1.0,4.187868883289474e-05
0.5267857142857143,1.0,4.226308605585918e-05
0.5281727224855187,1.0,4.269342494773655e-05
0.531813361611877,1.0,4.458876200194037e-05
0.53895754970446,1.0,4.656128576830483e-05
0.5421621621621622,1.0,4.747769097131488e-05
0.5424553812871823,1.0,4.81978041567494e-05
0.5427489177489178,1.0,4.862814304862675e-05
0.5433369447453954,1.0,4.920557944891002e-05
0.5439262472885033,1.0,4.9924738613451575e-05
0.5442213781877374,1.0,5.0523480102830576e-05
0.5457018498367792,1.0,5.090787732579502e-05
0.5465940054495912,1.0,5.19897876583664e-05
0.5474890829694323,1.0,5.3410600836797984e-05
0.547788093937739,1.0,5.5035391508946747e-05
0.5520088057237205,1.0,5.5229528479100734e-05
0.5619047619047619,1.0,5.5352721166483974e-05
0.5622197309417041,1.0,5.684259542668524e-05
0.5625350532809871,1.0,5.88151191930497e-05
0.5628507295173962,1.0,6.044490423767737e-05
0.5634831460674158,1.0,6.097010960983697e-05
0.5641169853768279,1.0,6.116424657999095e-05
0.5653889515219842,1.0,6.154864380295539e-05
0.5663466967814794,1.0,6.207884354759387e-05
0.5673076923076923,1.0,6.234024129188119e-05
0.568271954674221,1.0,6.431276505824567e-05
0.56859410430839,1.0,6.728922493369163e-05
0.5689166193987522,1.0,6.827495939277141e-05
0.5695627484383873,1.0,6.839795887144855e-05
0.5698863636363637,1.0,7.129985619025233e-05
0.5702103467879477,1.0,7.298100776904158e-05
0.5708594194649972,1.0,7.336490523516715e-05
0.5737986270022883,1.0,7.889227442907171e-05
0.5744558991981672,1.0,7.930012309289623e-05
0.574785100286533,1.0,7.953632501461962e-05
0.5751146788990825,1.0,8.021422030366031e-05
0.5754446356855996,1.0,8.025566735693318e-05
0.5757749712973593,1.0,8.162579903897742e-05
0.5764367816091954,1.0,8.359832280534187e-05
0.5767682576193215,1.0,8.643931924168906e-05
0.5774323546344272,1.0,8.755601382572031e-05
0.5794338532640092,1.0,8.794491436283207e-05
0.5797687861271676,1.0,8.883268772524945e-05
0.5801041064198958,1.0,9.111638452510799e-05
0.5804398148148148,1.0,9.20724285459838e-05
0.5807759119861031,1.0,9.357862530726692e-05
0.5811123986095017,1.0,9.736761525468042e-05
0.5814492753623188,1.0,9.743549984896264e-05
0.5817865429234339,1.0,9.770740458529543e-05
0.5821242019733024,1.0,9.811006127454835e-05
0.5824622531939605,1.0,9.976117579504381e-05
0.583139534883721,1.0,0.00010078836164855339
0.5844988344988346,1.0,0.0001017336995614083
0.5848396501457725,1.0,0.00010672307974944361
0.5851808634772462,1.0,0.00010710747697240804
0.5855224751897257,1.0,0.0001104019422722042
0.5862068965517241,1.0,0.00011205694733139317
0.5865497076023392,1.0,0.0001154648880962036
0.5868929198361615,1.0,0.00011561731803078083
0.5872365339578455,1.0,0.00011687497084825208
0.5875805506736965,1.0,0.00011895349905553108
0.5879249706916765,1.0,0.00012915715597479452
0.5882697947214076,1.0,0.00013086854778009184
0.5886150234741784,1.0,0.00013440465229171744
0.5889606576629477,1.0,0.00013497639583658758
0.5893066980023501,1.0,0.00013763126171543642
0.5896531452087007,1.0,0.00014138513498341299
0.59,1.0,0.00014161173303479246
0.5903472630959388,1.0,0.0001418257109050807
0.5906949352179034,1.0,0.00015254002904778384
0.5910430170889805,1.0,0.00016277344661795858
0.5913915094339622,1.0,0.00016510158251476086
0.5920897284533648,1.0,0.00017350051358740412
0.5927895981087471,1.0,0.0001779220953352737
0.5963139120095124,1.0,0.0001838568134361639
0.5970238095238095,1.0,0.00018469963592503258
0.5973793924955331,1.0,0.00019017592876001857
0.597735399284863,1.0,0.0001910493640363772
0.5980918306499702,1.0,0.00019736847936023189
0.5984486873508353,1.0,0.00020160829272610473
0.5988059701492537,1.0,0.00020629088966151482
0.5991636798088411,1.0,0.00020706696538441095
0.5995218170950388,1.0,0.00022361942933207243
0.5998803827751196,1.0,0.00022615838616135318
0.6002393776181927,1.0,0.00022659076465180708
0.6005988023952096,1.0,0.00023300770122984633
0.6009586578789694,1.0,0.0002343168275263315
0.6013189448441247,1.0,0.00023446510489841748
0.6016796640671865,1.0,0.0002362422186213977
0.603126879134095,1.0,0.00024256133394525236
0.6034897713598074,1.0,0.00024425127025841766
0.6038531005418423,1.0,0.0002524962460945241
0.6042168674698796,1.0,0.00027022448784899396
0.6045810729355033,1.0,0.0002774303593285339
0.6053108026554014,1.0,0.00029611857489643476
0.6056763285024155,1.0,0.0003005455883537564
0.6060422960725076,1.0,0.0003094752307930428
0.6064087061668681,1.0,0.0003364393192416891
0.6067755595886267,1.0,0.0003462032964806001
0.6071428571428571,1.0,0.00035113177156508414
0.6075105996365839,1.0,0.00036652041327705993
0.6078787878787879,1.0,0.00036679656927762104
0.6082474226804123,1.0,0.00037085746519829654
0.6086165048543689,1.0,0.00037389601836369395
0.6089860352155434,1.0,0.0003831189568626302
0.6093560145808019,1.0,0.0003890536749635204
0.6100973236009732,1.0,0.0003899682719311233
0.6104686548995739,1.0,0.0003965699687341172
0.6108404384896468,1.0,0.000400870436152571
0.61121267519805,1.0,0.00040253934812262257
0.6115853658536585,1.0,0.0004071872837704175
0.6119585112873703,1.0,0.000423000900581609
0.6123321123321124,1.0,0.00045457002998881753
0.6127061698228466,1.0,0.00045796039487251217
0.613080684596577,1.0,0.0005105139984879738
0.6134556574923548,1.0,0.000558284307798874
0.6138310893512852,1.0,0.0005587379384268975
0.614206981016534,1.0,0.0005656864122810771
0.6149601471489884,1.0,0.0005901818607222966
0.6153374233128834,1.0,0.0005920826828409539
0.6157151626764886,1.0,0.0006178558912434275
0.6160933660933661,1.0,0.0006208574651982965
0.6164720344191764,1.0,0.0006601869759273836
0.6168511685116851,1.0,0.0007000756828780526
0.6172307692307692,1.0,0.0007218961951457674
0.6179913739987677,1.0,0.0007273370342149249
0.6183723797780518,1.0,0.0007278309132466575
0.6187538556446638,1.0,0.0007382294144991209
0.6191358024691358,1.0,0.0007590778044722029
0.6195182211241507,1.0,0.000821067307250757
0.6202844774273346,1.0,0.000909120253709
0.6206683168316832,1.0,0.0009527278751265284
0.6210526315789474,1.0,0.0009716716082124578
0.6214374225526642,1.0,0.0009720134328736245
0.6218226906385617,1.0,0.0009925403606013705
0.6222084367245657,1.0,0.0010023052672536608
0.6225946617008069,1.0,0.0010230664829452346
0.6229813664596273,1.0,0.00103387892168709
0.6233685518955874,1.0,0.0010342204603419765
0.6237562189054726,1.0,0.001034770301181716
0.6241443683883012,1.0,0.0010816257990389772
0.6245330012453301,1.0,0.001092072428545984
0.6249221183800623,1.0,0.0011035457888224453
0.6253117206982544,1.0,0.0011364559667852272
0.6257018091079226,1.0,0.0011389857228424117
0.6260923845193508,1.0,0.0011602427534522573
0.6264834478450968,1.0,0.0011669843524000968
0.626875,1.0,0.001172869076745863
0.6272670419011882,1.0,0.001173896018363694
0.6276595744680851,1.0,0.0011802023011466887
0.628052598622417,1.0,0.0011806698298193455
0.6284461152882206,1.0,0.0011842412106591283
0.6288401253918495,1.0,0.0012111969556972667
0.6292346298619824,1.0,0.0012292964620988318
0.6296296296296297,1.0,0.001351525824775397
0.6300251256281407,1.0,0.0013583751398438901
0.6304211187932118,1.0,0.0013649128428739302
0.630817610062893,1.0,0.0013692773040653377
0.631214600377596,1.0,0.0013743266614746172
0.6316120906801007,1.0,0.0013752120221662278
0.632010081915564,1.0,0.0013768692933107665
0.6324085750315258,1.0,0.0013819614763819598
0.632807570977918,1.0,0.001388562861812434
0.6332070707070707,1.0,0.0013937782375710106
0.6336070751737208,1.0,0.001394687840166135
0.634007585335019,1.0,0.001423139040483544
0.6344086021505376,1.0,0.0014245600833744378
0.6348101265822785,1.0,0.0014680420721410563
0.6352121595946801,1.0,0.001510513998487974
0.6356147021546261,1.0,0.0015126732566468314
0.6360177552314521,1.0,0.0015241272095429539
0.6372299872935197,1.0,0.0015268998647195852
0.6376350921805467,1.0,0.00158108626064918
0.6380407124681934,1.0,0.0015811485135128762
0.6384468491406747,1.0,0.0016194562628258208
0.6388535031847133,1.0,0.0016383929575292829
0.6392606755895475,1.0,0.001660062361915469
0.6396683673469388,1.0,0.0016864393192416892
0.6400765794511806,1.0,0.0017416117330347925
0.640485312899106,1.0,0.0017637146080554391
0.6408945686900959,1.0,0.0017833155619468612
0.6413043478260869,1.0,0.001786303675797365
0.6417146513115803,1.0,0.001824789827059632
0.6421254801536491,1.0,0.0018649473530782078
0.6425368353619475,1.0,0.001877430359328534
0.642948717948718,1.0,0.0019125517350237272
0.6433611289288005,1.0,0.0019355119313877742
0.6437740693196405,1.0,0.001958461513250806
0.6441875401412974,1.0,0.0019626109499748983
0.6446015424164524,1.0,0.001981497997783318
0.645016077170418,1.0,0.0020297032001365127
0.6454311454311454,1.0,0.0020359439707320045
0.6458467482292337,1.0,0.0020360223154603676
0.6462628865979382,1.0,0.0020412483011270524
0.6466795615731786,1.0,0.0020426934249477367
0.6470967741935484,1.0,0.002050907877325795
0.6475145255003227,1.0,0.002069288815518454
0.6479328165374677,1.0,0.0020729575563281813
0.6483516483516484,1.0,0.002123476356278726
0.648771021992238,1.0,0.002128129970121285
0.6491909385113268,1.0,0.0023100672032109466
0.6496113989637305,1.0,0.0023651968989230818
0.6500324044069994,1.0,0.0023915764879370287
0.6504539559014267,1.0,0.002413036533469846
0.6508760545100584,1.0,0.0024790059263670133
0.6512987012987013,1.0,0.0024864393192416895
0.6521456436931079,1.0,0.0024935786253072667
0.6525699414443722,1.0,0.002569523619987963
0.6529947916666666,1.0,0.002635513998487974
0.6534201954397394,1.0,0.0026463811068715894
0.6538461538461539,1.0,0.002715294809715293
0.6542726679712981,1.0,0.002726430397318323
0.6546997389033943,1.0,0.002736710711996476
0.6551273677335075,1.0,0.0028061395063394335
0.6555555555555556,1.0,0.002848588540191225
0.6559843034663179,1.0,0.0028682283284541515
0.6564136125654451,1.0,0.0028750605985194844
0.6568434839554682,1.0,0.0029278283877071393
0.6572739187418086,1.0,0.002958984585254292
0.6577049180327869,1.0,0.0029772536905337313
0.6581364829396326,1.0,0.003034228166734401
0.6585686145764937,1.0,0.0030359439707320045
0.6590013140604468,1.0,0.0030425237129570256
0.6598684210526315,1.0,0.0030662099103478564
0.6603028308097433,1.0,0.003073588524813922
0.660737812911726,1.0,0.0032266453530678924
0.6611733684904416,1.0,0.003272981007769042
0.6616094986807388,1.0,0.0032985029386726995
0.662046204620462,1.0,0.0033673051029736822
0.6624834874504624,1.0,0.0035248877637243953
0.6629213483146067,1.0,0.0035609604150635315
0.6633597883597884,1.0,0.0037041907985316297
0.6637988087359364,1.0,0.0037167236965248295
0.6642384105960265,1.0,0.0037470461771372406
0.6646785950960902,1.0,0.0037489715682323065
0.6651193633952255,1.0,0.0037542576443663936
0.6655607166556071,1.0,0.003791955961820893
0.6660026560424966,1.0,0.0038471191963724916
0.6664451827242525,1.0,0.003889303986445906
0.6668882978723404,1.0,0.003934158335452195
0.667332002661344,1.0,0.0039588184552182895
0.6677762982689747,1.0,0.003977922095335274
0.6686666666666666,1.0,0.004008104888445781
0.6691127418278853,1.0,0.004036327908484369
0.6695594125500668,1.0,0.004079560749994063
0.6700066800267201,1.0,0.004089729797539224
0.6704545454545454,1.0,0.004121292815410438
0.6709030100334448,1.0,0.004129133794287344
0.6713520749665328,1.0,0.004157397882393966
0.6718017414601474,1.0,0.00420583594150452
0.6722520107238605,1.0,0.004231135083897385
0.6727028839704896,1.0,0.004248670817741132
0.6731543624161074,1.0,0.004369844173990678
0.6736064472800537,1.0,0.004608569190929498
0.6740591397849462,1.0,0.004715549433436499
0.6745124411566913,1.0,0.004819040727480028
0.6749663526244953,1.0,0.00482088746872222
0.6754208754208754,1.0,0.004822062160498038
0.6758760107816711,1.0,0.004858745471345725
0.6763317599460553,1.0,0.004893578625307267
0.6767881241565452,1.0,0.004967305102973682
0.6772451046590142,1.0,0.005060768011993409
0.6777027027027027,1.0,0.005096230650473174
0.6781609195402298,1.0,0.005115564327623099
0.6786197564276049,1.0,0.00519351464219601
0.6790792146242384,1.0,0.00524812530510111
0.6795392953929539,1.0,0.0052774303593285336
0.68,1.0,0.0052842753034000566
0.680461329715061,1.0,0.005314831331116651
0.6809232858112695,1.0,0.00536491284287393
0.6813858695652174,1.0,0.005509421327190013
0.681849082256968,1.0,0.005562252407646807
0.682312925170068,1.0,0.005633440808317077
0.6827773995915589,1.0,0.005651329107106656
0.6832425068119891,1.0,0.005941316327720328
0.6837082481254261,1.0,0.006093590670436303
0.6841746248294679,1.0,0.006435091195596834
0.6846416382252559,1.0,0.006454665403597612
0.6851092896174863,1.0,0.006639071202218125
0.6855775803144224,1.0,0.006784284674316566
0.686046511627907,1.0,0.006894202477693388
0.6865160848733745,1.0,0.006936506165076454
0.686986301369863,1.0,0.007016021755668479
0.6874571624400274,1.0,0.007305096306260755
0.6879286694101509,1.0,0.0074352347832104815
0.6884008236101579,1.0,0.00758958670952801
0.6888736263736264,1.0,0.007724986567545533
0.6893470790378007,1.0,0.0077406363832798935
0.6898211829436038,1.0,0.0077746682987524735
0.6902959394356504,1.0,0.007957460542876287
0.690771349862259,1.0,0.008200785372063566
0.6912474155754652,1.0,0.008332325206387117
0.6917241379310345,1.0,0.008569769101497744
0.6922015182884748,1.0,0.009171879065357899
0.6926795580110497,1.0,0.009231270636248607
0.6931582584657913,1.0,0.009455699302969195
0.6936376210235131,1.0,0.009679824833381395
0.6941176470588235,1.0,0.009742376291860495
0.6945983379501385,1.0,0.010166212527393229
0.695079695079695,1.0,0.010477154230362678
0.6955617198335645,1.0,0.010760679525015632
0.6960444136016655,1.0,0.011122607372684511
0.6965277777777777,1.0,0.011233755108298299
0.6970118137595552,1.0,0.011329026724040197
0.6974965229485396,1.0,0.011532232212064397
0.697981906750174,1.0,0.011683492273837392
0.6984679665738162,1.0,0.011733491023522915
0.6989547038327526,1.0,0.01183165207786446
0.699442119944212,1.0,0.012550704812469324
0.6999302163293789,1.0,0.012601937943651135
0.7004189944134078,1.0,0.012673619495212165
0.7009084556254368,1.0,0.013103708483284047
0.7013986013986014,1.0,0.013109330074552398
0.701889433170049,1.0,0.013143923777058053
0.7023809523809523,1.0,0.013604365088550983
0.7028731604765242,1.0,0.01404040300738481
0.7033660589060309,1.0,0.014173382066958373
0.703859649122807,1.0,0.014175574881517399
0.7043539325842697,1.0,0.014817672499698913
0.7048489107519326,1.0,0.01597081018212964
0.7053445850914205,1.0,0.015977618209694795
0.7058409570724842,1.0,0.01602851517195181
0.706338028169014,1.0,0.01666148496177161
0.7068357998590556,1.0,0.01713787683027996
0.7073342736248237,1.0,0.0171776182096948
0.707833450952717,1.0,0.017212326138595795
0.7083333333333334,1.0,0.017374127779105752
0.7088339222614841,1.0,0.017480692123958863
0.7093352192362093,1.0,0.01751128510835235
0.7098372257607927,1.0,0.01768260303447861
0.7103399433427762,1.0,0.018202699384627822
0.7108433734939759,1.0,0.018277834392394228
0.7113475177304964,1.0,0.01862088228661892
0.7118523775727467,1.0,0.01904423086967927
0.7123579545454546,1.0,0.02056184850528514
0.7128642501776831,1.0,0.02100987133745204
0.713371266002845,1.0,0.021166702078632315
0.7138790035587189,1.0,0.021451488394711865
0.7143874643874644,1.0,0.02199117531248834
0.714896650035638,1.0,0.02222433392369667
0.7154065620542083,1.0,0.0223400910673395
0.7159172019985724,1.0,0.023085703160246347
0.7164285714285714,1.0,0.023267110883885694
0.7169406719085061,1.0,0.02421627271791585
0.7174535050071531,1.0,0.02426843647943019
0.717967072297781,1.0,0.025300002975337816
0.7184813753581661,1.0,0.025741651478927426
0.7189964157706094,1.0,0.026444575285896894
0.7195121951219512,1.0,0.02669473604787888
0.7200287150035893,1.0,0.026978157684385527
0.7205459770114943,1.0,0.027072503489704913
0.7210639827462257,1.0,0.027191696453846163
0.7215827338129497,1.0,0.027326441831363516
0.7221022318214543,1.0,0.027623569080922155
0.7226224783861671,1.0,0.027635813405070604
0.7231434751261716,1.0,0.027679863699078763
0.7236652236652237,1.0,0.028367567981441143
0.7241877256317689,1.0,0.02876629245926049
0.7247109826589595,1.0,0.029152636696263695
0.725234996384671,1.0,0.029361014026604307
0.7257597684515196,1.0,0.02937131863494745
0.7262853005068791,1.0,0.029499497105263013
0.7268115942028985,1.0,0.02958857807451286
0.7273386511965192,1.0,0.029830893749831385
0.727866473149492,1.0,0.029880929499390915
0.7283950617283951,1.0,0.029907994431864655
0.7289244186046512,1.0,0.03044262358211483
0.7294545454545455,1.0,0.03062898661565448
0.7299854439592431,1.0,0.030944720682494667
0.7305171158048069,1.0,0.031228785194134835
0.7310495626822158,1.0,0.03125700394489714
0.7315827862873815,1.0,0.03159383931061328
0.7321167883211679,1.0,0.031650122790160176
0.7326515704894083,1.0,0.031953768521782555
0.7331871345029239,1.0,0.03245707886043559
0.733723482077542,1.0,0.032818622923480485
0.7342606149341142,1.0,0.03306986895589734
0.7347985347985349,1.0,0.03318199484086172
0.7353372434017595,1.0,0.03325405459154588
0.7358767424798239,1.0,0.03329683673304748
0.7364170337738619,1.0,0.033815240821086105
0.7369581190301249,1.0,0.033975165972670106
0.7375,1.0,0.03402801197692897
0.7380426784400295,1.0,0.034151700574143046
0.7385861561119293,1.0,0.03429839560336187
0.7391304347826086,1.0,0.03445801537841802
0.7396755162241888,1.0,0.03469612442328206
0.7402214022140221,1.0,0.03505208788105734
0.7407680945347119,1.0,0.035075376257126735
0.7413155949741316,1.0,0.035207942116152656
0.7418639053254438,1.0,0.035824979666914274
0.7424130273871207,1.0,0.036042399653710054
0.7429629629629629,1.0,0.03604729969557822
0.7435137138621201,1.0,0.03608130649202424
0.7440652818991098,1.0,0.03628818253897554
0.7446176688938382,1.0,0.036314421821619425
0.7451708766716196,1.0,0.03654575837788325
0.745724907063197,1.0,0.036589852201554945
0.7462797619047619,1.0,0.036674190387117556
0.7468354430379747,1.0,0.03674965084465026
0.7473919523099851,1.0,0.03698824141920774
0.7479492915734527,1.0,0.03707916146742953
0.7485074626865672,1.0,0.03749341247876691
0.7490664675130695,1.0,0.03759947275405004
0.749626307922272,1.0,0.03783025907937444
0.75018698578908,1.0,0.039238453537376976
0.750748502994012,1.0,0.03930489365151904
0.751310861423221,1.0,0.03938797218117174
0.7518740629685158,1.0,0.03945884485700743
0.7524381095273819,1.0,0.03956750118967335
0.753003003003003,1.0,0.03973134511932125
0.7535687453042825,1.0,0.04028212717786998
0.7541353383458647,1.0,0.04057047313274785
0.7547027840481565,1.0,0.041705471122754016
0.7552710843373494,1.0,0.04204285617641039
0.7558402411454408,1.0,0.04290220613048642
0.7564102564102564,1.0,0.04301349899431885
0.7569811320754717,1.0,0.04316282396935364
0.7575528700906344,1.0,0.043179501752368
0.7581254724111867,1.0,0.04335234526988233
0.7586989409984871,1.0,0.04356441723991901
0.7592732778198334,1.0,0.04402382023459938
0.7598484848484849,1.0,0.04404681890086345
0.7604245640636846,1.0,0.0450128159115979
0.7610015174506829,1.0,0.04525977013052748
0.7615793470007594,1.0,0.045490277707914535
0.7621580547112462,1.0,0.04569398623922903
0.7627376425855513,1.0,0.045977604190294306
0.7633181126331812,1.0,0.04620281803674147
0.763899466869764,1.0,0.047415148673636526
0.7644817073170732,1.0,0.04797817900220157
0.7650648360030511,1.0,0.04837616549554306
0.7656488549618321,1.0,0.04917764774297217
0.7662337662337663,1.0,0.050214324443916096
0.7668195718654435,1.0,0.0502280681559201
0.7674062739097169,1.0,0.05081783697347634
0.7679938744257274,1.0,0.051524539346366915
0.7685823754789272,1.0,0.05161927664097348
0.7691717791411042,1.0,0.05210365926896729
0.7697620874904068,1.0,0.05391246935365888
0.7703533026113671,1.0,0.054327468423945244
0.7709454265949269,1.0,0.054443608676177445
0.7715384615384615,1.0,0.05445183975197658
0.7721324095458044,1.0,0.05465413835474115
0.7727272727272727,1.0,0.05473970644052822
0.7733230531996916,1.0,0.054809868633368695
0.7739197530864198,1.0,0.05498272871315868
0.7745173745173746,1.0,0.055440278009291764
0.7751159196290572,1.0,0.0555859388811506
0.7757153905645785,1.0,0.05606909459641634
0.7763157894736842,1.0,0.056598163372191874
0.7769171185127808,1.0,0.05674257263805327
0.7775193798449612,1.0,0.05798632634926943
0.7781225756400311,1.0,0.05844339030273237
0.7787267080745341,1.0,0.058586756528650245
0.7793317793317793,1.0,0.05921438668444915
0.7799377916018663,1.0,0.05978449753334596
0.7805447470817121,1.0,0.060317999320125076
0.7811526479750779,1.0,0.06068757944199165
0.7817614964925955,1.0,0.06190267504467279
0.782371294851794,1.0,0.06220447446608471
0.7829820452771272,1.0,0.062313737378815195
0.78359375,1.0,0.06238708931894446
0.784206411258796,1.0,0.06389287117387096
0.7848200312989045,1.0,0.06486472202258285
0.7854346123727486,1.0,0.06489869707552243
0.7860501567398119,1.0,0.06536832387454186
0.7866666666666666,1.0,0.06544902070069947
0.7872841444270016,1.0,0.0656570599046655
0.7879025923016496,1.0,0.0662479434131945
0.7885220125786163,1.0,0.06645872303306896
0.7891424075531078,1.0,0.06648321394295134
0.789763779527559,1.0,0.06699772231367666
0.7903861308116628,1.0,0.06738967621038262
0.7910094637223974,1.0,0.06800314705969132
0.7916337805840569,1.0,0.06848180381615986
0.792259083728278,1.0,0.06882151262699486
0.7928853754940711,1.0,0.0704069776240688
0.7935126582278481,1.0,0.07078074217373671
0.7941409342834521,1.0,0.07081238120591038
0.794770206022187,1.0,0.0711786650240937
0.7954004758128469,1.0,0.07135580452033481
0.796031746031746,1.0,0.07138529282884683
0.7966640190627482,1.0,0.07157206696437649
0.7972972972972973,1.0,0.07309959599657356
0.7979315831344471,1.0,0.07338952518190152
0.7985668789808917,1.0,0.0741046728916392
0.799203187250996,1.0,0.07433068115325672
0.7998405103668261,1.0,0.074534389300868
0.8004788507581804,1.0,0.07525189401487527
0.8011182108626198,1.0,0.07569636998592416
0.8017585931254996,1.0,0.07609508443809601
0.8024,1.0,0.07626533920560853
0.8030424339471577,1.0,0.07627231059801683
0.8036858974358975,1.0,0.07694530060525341
0.8043303929430633,1.0,0.07736783373671866
0.804975922953451,1.0,0.07837981638290632
0.8056224899598393,1.0,0.07853425206211641
0.8062700964630225,1.0,0.07864962812417133
0.8069187449718423,1.0,0.07870144412019188
0.8075684380032206,1.0,0.07889208314023052
0.8082191780821918,1.0,0.07909826111291914
0.8088709677419355,1.0,0.07912927205527653
0.8095238095238095,1.0,0.08008557374978686
0.8101777059773829,1.0,0.08023298505916338
0.8108326596604689,1.0,0.08176321016419455
0.8106796116504854,0.9990029910269193,0.08308759974807996
0.8113360323886639,0.9990029910269193,0.08345010485777886
0.8119935170178282,0.9990029910269193,0.08395379389324562
0.8126520681265207,0.9990029910269193,0.08442935431793828
0.8133116883116883,0.9990029910269193,0.08529910452670579
0.8139723801787165,0.9990029910269193,0.08565175783805395
0.8146341463414634,0.9990029910269193,0.08584385353898262
0.8152969894222946,0.9990029910269193,0.088075998708321
0.8159609120521173,0.9990029910269193,0.08825937809322489
0.8166259168704156,0.9990029910269193,0.08885367493535322
0.8172920065252854,0.9990029910269193,0.09085762650424761
0.8179591836734694,0.9990029910269193,0.09268746219377906
0.8186274509803921,0.9990029910269193,0.09301810652105708
0.8192968111201963,0.9990029910269193,0.09393560165317531
0.8199672667757774,0.9990029910269193,0.0942243566720633
0.8206388206388207,0.9990029910269193,0.09461468304909657
0.8213114754098361,0.9990029910269193,0.09608739065245603
0.8219852337981952,0.9990029910269193,0.09664372382558209
0.8226600985221675,0.9990029910269193,0.09936493258116619
0.8233360723089564,0.9990029910269193,0.09953435734844406
0.8240131578947368,0.9990029910269193,0.09961941264924232
0.8246913580246914,0.9990029910269193,0.10071411785974069
0.8253706754530478,0.9990029910269193,0.10142121794687631
0.8260511129431163,0.9990029910269193,0.1016336930407222
0.8267326732673267,0.9990029910269193,0.103431441751488
0.8274153592072667,0.9990029910269193,0.104780257261218
0.8272727272727273,0.9980059820538385,0.1067884286265727
0.8279569892473119,0.9980059820538385,0.10910777184201502
0.8286423841059603,0.9980059820538385,0.11001995608441408
0.8293289146644574,0.9980059820538385,0.11053700536439001
0.8300165837479271,0.9980059820538385,0.11075419303226028
0.8307053941908714,0.9980059820538385,0.11096991239742858
0.8313953488372093,0.9980059820538385,0.11224088097682662
0.8320864505403158,0.9980059820538385,0.11334808614060567
0.8327787021630616,0.9980059820538385,0.11525050898949668
0.8334721065778518,0.9980059820538385,0.11618761920982237
0.8341666666666666,0.9980059820538385,0.1178903432825871
0.8348623853211009,0.9980059820538385,0.11921049011364443
0.835559265442404,0.9980059820538385,0.11930222617119103
0.8362573099415205,0.9980059820538385,0.12222631936393095
0.8369565217391305,0.9980059820538385,0.12307322475491646
0.8376569037656904,0.9980059820538385,0.123899517283315
0.838358458961474,0.9980059820538385,0.12459148238842274
0.8390611902766136,0.9980059820538385,0.12717008023385187
0.839765100671141,0.9980059820538385,0.12743664928660825
0.8404701931150294,0.9980059820538385,0.12784155927691707
0.8411764705882353,0.9980059820538385,0.13068209201617162
0.8418839360807401,0.9980059820538385,0.13088469088608834
0.8425925925925926,0.9980059820538385,0.1329631005774471
0.8433024431339511,0.9980059820538385,0.13305465178701797
0.8440134907251264,0.9980059820538385,0.1331609051964467
0.8447257383966245,0.9980059820538385,0.13322848894075523
0.8454391891891891,0.9980059820538385,0.1348911905488301
0.8461538461538461,0.9980059820538385,0.13680992087820143
0.8468697123519459,0.9980059820538385,0.13731173869637944
0.8475867908552075,0.9980059820538385,0.13829302005911248
0.8483050847457627,0.9980059820538385,0.13901328280380892
0.8490245971162002,0.9980059820538385,0.13999547493316444
0.8497453310696095,0.9980059820538385,0.1411973255471958
0.8504672897196262,0.9980059820538385,0.14277937743314179
0.8511904761904762,0.9980059820538385,0.14407650905822336
0.8519148936170213,0.9980059820538385,0.14469901794062923
0.8526405451448041,0.9980059820538385,0.14588353029764736
0.8533674339300937,0.9980059820538385,0.147181733625497
0.8540955631399317,0.9980059820538385,0.1501835482073142
0.8548249359521777,0.9980059820538385,0.15074359539155396
0.8555555555555555,0.9980059820538385,0.1531677343665188
0.8562874251497006,0.9980059820538385,0.1559634708748297
0.8570205479452054,0.9980059820538385,0.158819358714261
0.8577549271636675,0.9980059820538385,0.1612079431590816
0.8584905660377359,0.9980059820538385,0.16213663945828288
0.8592274678111588,0.9980059820538385,0.16807887544888522
0.8599656357388317,0.9980059820538385,0.1686203581424076
0.8607050730868444,0.9980059820538385,0.17071132906884173
0.8614457831325302,0.9980059820538385,0.1729404952837916
0.8621877691645133,0.9980059820538385,0.1765161805159776
0.8629310344827587,0.9980059820538385,0.1774677562375386
0.8636755823986195,0.9980059820538385,0.17761607836882728
0.8644214162348878,0.9980059820538385,0.17823195935870653
0.8651685393258427,0.9980059820538385,0.17956855674705607
0.865916955017301,0.9980059820538385,0.18412653483522307
0.8666666666666667,0.9980059820538385,0.1852563983036977
0.8674176776429809,0.9980059820538385,0.18593042939747614
0.8681699913269731,0.9980059820538385,0.18901494368954086
0.8689236111111112,0.9980059820538385,0.18933003360808828
0.8696785403996524,0.9980059820538385,0.1948352940286333
0.8704347826086957,0.9980059820538385,0.1979136071123651
0.8711923411662315,0.9980059820538385,0.19810680598253022
0.8719512195121951,0.9980059820538385,0.20148220404531636
0.8727114210985178,0.9980059820538385,0.20213090584552987
0.8734729493891797,0.9980059820538385,0.2038114436832349
0.874235807860262,0.9980059820538385,0.20426211721881785
0.875,0.9980059820538385,0.2053423465366067
0.8757655293088364,0.9980059820538385,0.2072586795047701
0.8765323992994746,0.9980059820538385,0.20854328433086447
0.8773006134969326,0.9980059820538385,0.20950218176817997
0.8780701754385964,0.9980059820538385,0.20982168424795627
0.8788410886742757,0.9980059820538385,0.2105952975456085
0.8796133567662566,0.9980059820538385,0.21208137743572023
0.8795074758135444,0.9970089730807578,0.21625977565262042
0.8802816901408451,0.9970089730807578,0.21638730872775594
0.8810572687224669,0.9970089730807578,0.21798790304771845
0.8818342151675485,0.9970089730807578,0.2184805986732554
0.8826125330979699,0.9970089730807578,0.22111002813686895
0.8833922261484098,0.9970089730807578,0.22302648830566296
0.8841732979664014,0.9970089730807578,0.22361824470250544
0.8849557522123894,0.9970089730807578,0.223720865495694
0.8857395925597874,0.9970089730807578,0.22445383093597288
0.8865248226950354,0.9970089730807578,0.22497437673139353
0.8864241348713399,0.996011964107677,0.225304354801883
0.8863232682060391,0.9950149551345963,0.2254140213041891
0.8871111111111111,0.9950149551345963,0.22645214508339506
0.8879003558718861,0.9950149551345963,0.22672861351880194
0.8886910062333037,0.9950149551345963,0.22699913613227338
0.8894830659536542,0.9950149551345963,0.2298726913455669
0.8902765388046388,0.9950149551345963,0.23315543613056983
0.8910714285714286,0.9950149551345963,0.2335525868571002
0.8918677390527256,0.9950149551345963,0.23359127076965291
0.8926654740608229,0.9950149551345963,0.2353337303527911
0.8934646374216652,0.9950149551345963,0.2357513334717511
0.8942652329749103,0.9950149551345963,0.23947625281272356
0.895067264573991,0.9950149551345963,0.24003163591982463
0.895870736086176,0.9950149551345963,0.2408956360836094
0.8966756513926325,0.9950149551345963,0.24217515337701187
0.8974820143884892,0.9950149551345963,0.24251766769724692
0.8982898289828983,0.9950149551345963,0.24565530290593893
0.8990990990990991,0.9950149551345963,0.2463202626235591
0.8990081154192967,0.9940179461615155,0.24893972151628183
0.8989169675090253,0.9930209371884346,0.25156067053086784
0.8997289972899729,0.9930209371884346,0.2559051775221062
0.9005424954792043,0.9930209371884346,0.26196924000449273
0.9013574660633484,0.9930209371884346,0.2628494085357905
0.9021739130434783,0.9930209371884346,0.26654426703426687
0.9029918404351768,0.9930209371884346,0.26869303417941337
0.9038112522686026,0.9930209371884346,0.2692424499489842
0.9046321525885559,0.9930209371884346,0.26996985544840085
0.9054545454545454,0.9930209371884346,0.27014312046817057
0.9062784349408554,0.9930209371884346,0.27325726853356874
0.907103825136612,0.9930209371884346,0.2765940285493574
0.9079307201458523,0.9930209371884346,0.2771416129122573
0.9087591240875912,0.9930209371884346,0.27922130030652015
0.9095890410958904,0.9930209371884346,0.2803967776294747
0.9104204753199269,0.9930209371884346,0.28180318064236837
0.9103385178408051,0.9920239282153539,0.28466608984497077
0.9111721611721612,0.9920239282153539,0.29056914843869897
0.9120073327222732,0.9920239282153539,0.29250908194730935
0.9128440366972477,0.9920239282153539,0.30205650599199046
0.9136822773186409,0.9920239282153539,0.30248254701775107
0.9145220588235294,0.9920239282153539,0.3070052903871084
0.9144434222631095,0.9910269192422732,0.30787577582867715
0.9152854511970534,0.9910269192422732,0.314964761787031
0.9161290322580645,0.9910269192422732,0.3176533675006781
0.9169741697416974,0.9910269192422732,0.3235484579531931
0.9168975069252078,0.9900299102691924,0.3238769941001667
0.9177449168207024,0.9900299102691924,0.3263405724000122
0.9185938945420906,0.9900299102691924,0.3273404191392503
0.9185185185185185,0.9890329012961117,0.3413508812592289
0.9193697868396663,0.9890329012961117,0.34830352628552974
0.9202226345083488,0.9890329012961117,0.35206348181420116
0.9210770659238626,0.9890329012961117,0.3535986021869403
0.9219330855018587,0.9890329012961117,0.35454025282259577
0.9227906976744186,0.9890329012961117,0.36080449304558493
0.9236499068901304,0.9890329012961117,0.3613655951510577
0.9245107176141659,0.9890329012961117,0.36205850902167896
0.9253731343283582,0.9890329012961117,0.36569317190569334
0.9253034547152195,0.9880358923230309,0.36931073985647833
0.9261682242990654,0.9880358923230309,0.37102414621795543
0.9270346117867165,0.9880358923230309,0.3878877138522818
0.9269662921348315,0.9870388833499502,0.39043113507336047
0.9278350515463918,0.9870388833499502,0.39441958487286777
0.9277673545966229,0.9860418743768694,0.3966335618397787
0.9286384976525821,0.9860418743768694,0.40059965612562914
0.9295112781954887,0.9860418743768694,0.4011698029104987
0.929444967074318,0.9850448654037887,0.40118037872117035
0.9303201506591338,0.9850448654037887,0.4032815248519477
0.9311969839773798,0.9850448654037887,0.40363944034504834
0.9311320754716981,0.9840478564307079,0.4069786888624322
0.931067044381492,0.9830508474576272,0.4076447717625327
0.9319470699432892,0.9830508474576272,0.41092941312928205
0.9328287606433302,0.9830508474576272,0.4149952859561182
0.9337121212121212,0.9830508474576272,0.41651408584971356
0.9345971563981043,0.9830508474576272,0.43944267933704956
0.9345351043643264,0.9820538384845464,0.44330330398174567
0.9354226020892688,0.9820538384845464,0.4448099913334593
0.9363117870722434,0.9820538384845464,0.4452971908919717
0.9372026641294006,0.9820538384845464,0.4455422941459259
0.9380952380952381,0.9820538384845464,0.4525895889322009
0.9389895138226882,0.9820538384845464,0.45838820499192706
0.9389312977099237,0.9810568295114656,0.4601802400645018
0.9398280802292264,0.9810568295114656,0.46368607913657345
0.9397705544933078,0.9800598205383848,0.46388749728541495
0.9406698564593301,0.9800598205383848,0.463941812625038
0.9406130268199234,0.9790628115653041,0.46820314102770894
0.9415148609779482,0.9790628115653041,0.4702032845438845
0.9414587332053743,0.9780658025922233,0.4778711084308387
0.9423631123919308,0.9780658025922233,0.478710943290902
0.9432692307692307,0.9780658025922233,0.4880747877109196
0.944177093358999,0.9780658025922233,0.4882574541129269
0.9450867052023122,0.9780658025922233,0.48918167851998695
0.9450337512054002,0.9770687936191426,0.48954743683876756
0.9459459459459459,0.9770687936191426,0.4900496766131359
0.9468599033816425,0.9770687936191426,0.500848944387027
0.9477756286266924,0.9770687936191426,0.5024269346485376
0.9486931268151017,0.9770687936191426,0.5042728901310348
0.9486434108527132,0.9760717846460618,0.5077787583517069
0.9495635305528612,0.9760717846460618,0.5092119515762935
0.9504854368932039,0.9760717846460618,0.5164124666356763
0.9514091350826045,0.9760717846460618,0.5186699359978658
0.9523346303501945,0.9760717846460618,0.5222841798953334
0.9532619279454723,0.9760717846460618,0.522439666950175
0.9532163742690059,0.9750747756729811,0.5258737837025144
0.9541463414634146,0.9750747756729811,0.535265713129896
0.955078125,0.9750747756729811,0.5355163178035858
0.9550342130987293,0.9740777666999003,0.5357542321786118
0.9549902152641878,0.9730807577268196,0.5497177922857296
0.9549461312438785,0.9720837487537388,0.5510399554933657
0.9558823529411765,0.9720837487537388,0.5522843180942655
0.956820412168793,0.9720837487537388,0.5565736172065097
0.9567779960707269,0.9710867397806581,0.5567768248766
0.9567354965585054,0.9700897308075773,0.557814537222948
0.9576771653543307,0.9700897308075773,0.5582579509440537
0.9586206896551724,0.9700897308075773,0.5610941661954074
0.9595660749506904,0.9700897308075773,0.5622507747110619
0.9595261599210266,0.9690927218344965,0.5624186791393948
0.9594861660079052,0.9680957128614157,0.5654310284176065
0.9594460929772503,0.967098703888335,0.5686306785247522
0.9594059405940594,0.9661016949152542,0.5695222373698926
0.9593657086223984,0.9651046859421735,0.5698549210671293
0.9603174603174603,0.9651046859421735,0.5749149878742219
0.9602780536246276,0.9641076769690927,0.5786427436889535
0.9602385685884692,0.963110667996012,0.5793412810676041
0.9601990049751243,0.9621136590229312,0.5824502645953323
0.9601593625498008,0.9611166500498505,0.5825944341878245
0.9601196410767697,0.9601196410767697,0.5870496256111396
0.9610778443113772,0.9601196410767697,0.5872605889040731
0.962037962037962,0.9601196410767697,0.5876957364416688
0.962,0.959122632103689,0.5918514597047358
0.9619619619619619,0.9581256231306082,0.5928406800962109
0.9619238476953907,0.9571286141575274,0.5966119816434671
0.9618856569709128,0.9561316051844466,0.6001963406805072
0.9618473895582329,0.9551345962113659,0.6090773800177475
0.9618090452261306,0.9541375872382851,0.6121502914767837
0.9617706237424547,0.9531405782652044,0.6122239192706361
0.9617321248741189,0.9521435692921236,0.6134776497458068
0.9616935483870968,0.9511465603190429,0.6154558878290671
0.9616548940464178,0.9501495513459621,0.6178526152221601
0.9626262626262626,0.9501495513459621,0.6186923636412445
0.9625884732052579,0.9491525423728814,0.6194693502398225
0.9625506072874493,0.9481555333998006,0.6240531961794025
0.9625126646403243,0.9471585244267199,0.6266919975942563
0.962474645030426,0.9461615154536391,0.62688087738348
0.9624365482233502,0.9451645064805583,0.6283839360579617
0.9623983739837398,0.9441674975074775,0.6290292076160231
0.9623601220752798,0.9431704885343968,0.6313971452547983
0.9623217922606925,0.942173479561316,0.6323676957912694
0.9622833843017329,0.9411764705882353,0.6333372653365383
0.963265306122449,0.9411764705882353,0.6334212724061303
0.9642492339121552,0.9411764705882353,0.633439925178614
0.9642126789366053,0.9401794616151545,0.633565780411618
0.9641760491299898,0.9391824526420738,0.6342290028939195
0.9641393442622951,0.938185443668993,0.6391156170927064
0.9641025641025641,0.9371884346959123,0.6439662027253543
0.9640657084188912,0.9361914257228315,0.6449900411780927
0.9640287769784173,0.9351944167497508,0.6462719948740452
0.9650205761316872,0.9351944167497508,0.6488951968141407
0.964984552008239,0.93419740777667,0.6507973042796339
0.965979381443299,0.93419740777667,0.6513176375754453
0.9659442724458205,0.9332003988035892,0.6525713325720762
0.9659090909090909,0.9322033898305084,0.6532169135376067
0.9669079627714581,0.9322033898305084,0.6535369028546719
0.9668737060041408,0.9312063808574277,0.6548128091794899
0.966839378238342,0.9302093718843469,0.6582158515051417
0.966804979253112,0.9292123629112662,0.6597925546744026
0.9667705088265836,0.9282153539381854,0.6605943726473753
0.9667359667359667,0.9272183449651047,0.6611525754065949
0.9667013527575442,0.9262213359920239,0.6630830075409392
0.9666666666666667,0.9252243270189432,0.6641900767075396
0.9666319082377477,0.9242273180458624,0.6657035432157699
0.9665970772442589,0.9232303090727817,0.6689554706629092
0.9665621734587252,0.922233300099701,0.6694425196406392
0.9665271966527197,0.9212362911266201,0.6727964248227514
0.9664921465968587,0.9202392821535393,0.673869043858279
0.9664570230607966,0.9192422731804586,0.6743329177305748
0.9664218258132214,0.9182452642073778,0.6747944506474322
0.9663865546218487,0.9172482552342971,0.6768366600103033
0.9663512092534174,0.9162512462612163,0.6771315293585688
0.9663157894736842,0.9152542372881356,0.6789120750593737
0.9662802950474183,0.9142572283150548,0.6795984755447028
0.9662447257383966,0.9132602193419741,0.6799376861677713
0.9662090813093981,0.9122632103688934,0.6806718661158779
0.9661733615221987,0.9112662013958126,0.6824584908381917
0.9661375661375662,0.9102691924227319,0.6827278843626228
0.9661016949152542,0.909272183449651,0.6834811354547108
0.9671261930010604,0.909272183449651,0.6843173875799836
0.9670912951167728,0.9082751744765702,0.684322617154616
0.9670563230605739,0.9072781655034895,0.6871083478112466
0.9670212765957447,0.9062811565304087,0.6908263307010315
0.966986155484558,0.905284147557328,0.6918409433378355
0.9669509594882729,0.9042871385842473,0.6923633198221103
0.967982924226254,0.9042871385842473,0.6945966618224398
0.967948717948718,0.9032901296111665,0.6948345754875824
0.9679144385026738,0.9022931206380858,0.6975556793270725
0.9678800856531049,0.901296111665005,0.6991059160295253
0.9689174705251876,0.901296111665005,0.6994446538632723
0.9699570815450643,0.901296111665005,0.6995857970133967
0.9699248120300752,0.9002991026919243,0.708100346021478
0.9709677419354839,0.9002991026919243,0.7092508582331623
0.9709364908503767,0.8993020937188435,0.7107636253148292
0.9709051724137931,0.8983050847457628,0.7108843590905591
0.970873786407767,0.8973080757726819,0.7127204472450313
0.9719222462203023,0.8973080757726819,0.7133447485689762
0.9718918918918918,0.8963110667996012,0.7169851384617382
0.9729437229437229,0.8963110667996012,0.7203180281714612
0.9739978331527628,0.8963110667996012,0.7235619525689155
0.9739696312364425,0.8953140578265204,0.7256242363493095
0.9739413680781759,0.8943170488534397,0.7265253413276966
0.9739130434782609,0.8933200398803589,0.7268043429778196
0.9738846572361263,0.8923230309072782,0.7289741817104305
0.9738562091503268,0.8913260219341974,0.7295517055710714
0.9738276990185387,0.8903290129611167,0.7306547220522438
0.9737991266375546,0.8893320039880359,0.7327678229979415
0.9737704918032787,0.8883349950149552,0.7334171298362014
0.973741794310722,0.8873379860418744,0.7375522738437754
0.9737130339539978,0.8863409770687937,0.7389533012843037
0.9736842105263158,0.8853439680957128,0.7393278869094017
0.973655323819978,0.8843469591226321,0.7397047251472119
0.9747252747252747,0.8843469591226321,0.7426359614573151
0.9746974697469747,0.8833499501495513,0.7437194776003364
0.974669603524229,0.8823529411764706,0.7448747112323143
0.9746416758544653,0.8813559322033898,0.7457103560126911
0.9757174392935982,0.8813559322033898,0.7487292847762413
0.9756906077348066,0.8803589232303091,0.7494612190932891
0.9756637168141593,0.8793619142572283,0.749841375403397
0.9756367663344407,0.8783649052841476,0.7532272223095087
0.975609756097561,0.8773678963110668,0.7572026388300043
0.9755826859045506,0.8763708873379861,0.7572226232224407
0.9755555555555555,0.8753738783649053,0.7595929060427813
0.9755283648498332,0.8743768693918246,0.7618360082618232
0.9755011135857461,0.8733798604187437,0.7643373487964887
0.9765886287625418,0.8733798604187437,0.7647482316600279
0.9765625,0.872382851445663,0.7682178956282039
0.9776536312849162,0.872382851445663,0.768650053920091
0.9776286353467561,0.8713858424725822,0.7686818907701238
0.9787234042553191,0.8713858424725822,0.7698740654166213
0.9786995515695067,0.8703888334995015,0.770017356600019
0.978675645342312,0.8693918245264207,0.7747081969818957
0.9786516853932584,0.86839481555334,0.7780083146529919
0.9786276715410573,0.8673978065802592,0.778988281585696
0.9786036036036037,0.8664007976071785,0.7800868885979261
0.9785794813979707,0.8654037886340977,0.7806508257967862
0.9785553047404063,0.864406779661017,0.7807889256689035
0.9785310734463277,0.8634097706879362,0.7817612654433418
0.9785067873303167,0.8624127617148555,0.781836762841569
0.9784824462061155,0.8614157527417746,0.7818738972502427
0.9784580498866213,0.8604187437686939,0.7819691230302797
0.978433598183882,0.8594217347956131,0.7826379801512804
0.9784090909090909,0.8584247258225324,0.7828327952087347
0.9795221843003413,0.8584247258225324,0.78437620910858
0.9806378132118451,0.8584247258225324,0.7855617750943074
0.9806157354618016,0.8574277168494516,0.7858074684940402
0.980593607305936,0.8564307078763709,0.7863792066248542
0.9817142857142858,0.8564307078763709,0.7866373156598236
0.9816933638443935,0.8554336989032901,0.7876018422852553
0.981672394043528,0.8544366899302094,0.7880452481966755
0.981651376146789,0.8534396809571286,0.7882024180903854
0.981630309988519,0.8524426719840479,0.7885647583890355
0.9816091954022989,0.8514456630109671,0.7894817619161001
0.9815880322209436,0.8504486540378864,0.789917455585022
0.9815668202764977,0.8494516450648056,0.7910187470942301
0.9815455594002307,0.8484546360917248,0.7919554601534892
0.9815242494226328,0.847457627118644,0.792036109885684
0.9815028901734104,0.8464606181455633,0.7928853187359355
0.9826388888888888,0.8464606181455633,0.7932296150940328
0.9826187717265353,0.8454636091724825,0.7937143508551344
0.9837587006960556,0.8454636091724825,0.7939198769369893
0.9849012775842044,0.8454636091724825,0.794123903940279
0.9848837209302326,0.8444666001994018,0.7948675271913261
0.9848661233993015,0.843469591226321,0.7952761529035307
0.9848484848484849,0.8424725822532403,0.797337248686523
0.9848308051341891,0.8414755732801595,0.7974145971199975
0.9848130841121495,0.8404785643070788,0.7979029339798273
0.9847953216374269,0.839481555333998,0.7981703101157533
0.9847775175644028,0.8384845463609173,0.7987182261639529
0.984759671746776,0.8374875373878365,0.8021950190075813
0.9859154929577465,0.8374875373878365,0.8022552122888013
0.9858989424206815,0.8364905284147557,0.8035440115002781
0.9858823529411764,0.8354935194416749,0.8051753062435382
0.9858657243816255,0.8344965104685942,0.8074312225300192
0.9858490566037735,0.8334995014955134,0.8076534895904898
0.9858323494687131,0.8325024925224327,0.807772479260792
0.9858156028368794,0.8315054835493519,0.809575964666147
0.9857988165680474,0.8305084745762712,0.810956446456827
0.985781990521327,0.8295114656031904,0.81219113246201
0.9857651245551602,0.8285144566301097,0.8127548664875669
0.9857482185273159,0.827517447657029,0.812778646708345
0.985731272294887,0.8265204386839482,0.8132583569648503
0.9857142857142858,0.8255234297108675,0.8134570099382945
0.9856972586412396,0.8245264207377866,0.8138996309432018
0.9856801909307876,0.8235294117647058,0.8141656538834088
0.986857825567503,0.8235294117647058,0.8142698399324506
0.9868421052631579,0.8225324027916251,0.8151989874669159
0.9868263473053892,0.8215353938185443,0.8156262736175094
0.986810551558753,0.8205383848454636,0.8179408985304637
0.9867947178871549,0.8195413758723828,0.8194556714715259
0.9867788461538461,0.8185443668993021,0.8200812275336805
0.9879663056558363,0.8185443668993021,0.8216467402564821
0.9879518072289156,0.8175473579262214,0.8217450416224655
0.9879372738238842,0.8165503489531406,0.8217924022330874
0.9879227053140096,0.8155533399800599,0.8230861437760709
0.9879081015719468,0.8145563310069791,0.8246106912140794
0.9878934624697336,0.8135593220338984,0.8253836648680005
0.9878787878787879,0.8125623130608175,0.8257087480171255
0.9878640776699029,0.8115653040877367,0.8271529231077099
0.9878493317132442,0.810568295114656,0.8271751912513031
0.9878345498783455,0.8095712861415753,0.827305615923115
0.9878197320341048,0.8085742771684945,0.828322119314401
0.9878048780487805,0.8075772681954138,0.8298589518538189
0.9877899877899878,0.806580259222333,0.8301954234117841
0.9877750611246944,0.8055832502492523,0.8302033430849755
0.9877600979192166,0.8045862412761715,0.8306858182643043
0.9877450980392157,0.8035892323030908,0.8307589713756128
0.9877300613496932,0.80259222333001,0.8322444227752538
0.9877149877149877,0.8015952143569293,0.8325836706887824
0.9876998769987699,0.8005982053838484,0.8337156430142502
0.9876847290640394,0.7996011964107677,0.8346890328748973
0.9876695437731196,0.7986041874376869,0.8350585586012226
0.9876543209876543,0.7976071784646062,0.8362164980483341
0.9876390605686032,0.7966101694915254,0.8364830211929841
0.9876237623762376,0.7956131605184447,0.8371104565158483
0.9876084262701363,0.7946161515453639,0.8378431731834044
0.9875930521091811,0.7936191425722832,0.8380493201577297
0.9875776397515528,0.7926221335992024,0.8391962805556634
0.9875621890547264,0.7916251246261217,0.8397444781372063
0.987546699875467,0.7906281156530409,0.8424623442547716
0.9875311720698254,0.7896311066799602,0.8439000261388431
0.9875156054931336,0.7886340977068793,0.843916310539073
0.9875,0.7876370887337986,0.8452793289327416
0.9874843554443054,0.7866400797607178,0.8458026894126254
0.9874686716791979,0.7856430707876371,0.8459621658011942
0.9874529485570891,0.7846460618145563,0.8462086093792217
0.9874371859296482,0.7836490528414756,0.8463565531303694
0.9874213836477987,0.7826520438683948,0.8465999735820915
0.9886649874055415,0.7826520438683948,0.8476593283112643
0.9886506935687264,0.7816550348953141,0.8487990418594189
0.9886363636363636,0.7806580259222333,0.849297492688165
0.988621997471555,0.7796610169491526,0.8495486171895128
0.9886075949367089,0.7786640079760718,0.8501772976784864
0.9885931558935361,0.7776669990029911,0.8506947648208424
0.9885786802030457,0.7766699900299102,0.8517117274964872
0.98856416772554,0.7756729810568295,0.8517606823946374
0.9885496183206107,0.7746759720837487,0.8525382872789898
0.9885350318471338,0.773678963110668,0.8527046032846801
0.9885204081632653,0.7726819541375872,0.8551066630786384
0.9885057471264368,0.7716849451645065,0.8560892302938387
0.9884910485933504,0.7706879361914257,0.8563597903284248
0.9884763124199744,0.769690927218345,0.8581454655256491
0.9884615384615385,0.7686939182452642,0.858456419198061
0.9884467265725289,0.7676969092721835,0.8594895565461982
0.9884318766066839,0.7666999002991027,0.8597135076400191
0.9884169884169884,0.765702891326022,0.863627839316339
0.9884020618556701,0.7647058823529411,0.8649344696000958
0.9883870967741936,0.7637088733798604,0.8650036386154226
0.9896640826873385,0.7637088733798604,0.8653261405785209
0.9896507115135834,0.7627118644067796,0.8676092016433421
0.9896373056994818,0.7617148554336989,0.8686210926149129
0.9896238651102465,0.7607178464606181,0.8690006575835632
0.9896103896103896,0.7597208374875374,0.8701777313053036
0.9895968790637191,0.7587238285144566,0.8707937513851574
0.9895833333333334,0.7577268195413759,0.8709041245104212
0.9895697522816167,0.7567298105682951,0.8716660518185304
0.9895561357702349,0.7557328015952144,0.8717784506196483
0.9895424836601308,0.7547357926221336,0.8723620545512142
0.9895287958115183,0.7537387836490529,0.8723685377315779
0.9895150720838795,0.752741774675972,0.8726063930098071
0.989501312335958,0.7517447657028913,0.8733575072751294
0.9908015768725361,0.7517447657028913,0.8739693746556684
0.9907894736842106,0.7507477567298105,0.8765764911069717
0.9907773386034255,0.7497507477567298,0.8770202708342286
0.9907651715039578,0.748753738783649,0.8774698048938976
0.9907529722589168,0.7477567298105683,0.8785068364446816
0.9907407407407407,0.7467597208374875,0.8787562866571854
0.990728476821192,0.7457627118644068,0.8789779175622391
0.9907161803713528,0.744765702891326,0.8806091380266333
0.9907038512616202,0.7437686939182453,0.8806913369926453
0.9906914893617021,0.7427716849451645,0.8814126196770082
0.9906790945406125,0.7417746759720838,0.8816032013245467
0.9906666666666667,0.7407776669990029,0.8823481049790073
0.9906542056074766,0.7397806580259222,0.8825203923260584
0.9906417112299465,0.7387836490528414,0.8830496386473284
0.9906291834002677,0.7377866400797607,0.8833576473640694
0.9906166219839142,0.7367896311066799,0.8838683012476034
0.9906040268456375,0.7357926221335992,0.884146790916056
0.9905913978494624,0.7347956131605184,0.8850257509907908
0.990578734858681,0.7337986041874377,0.8852047015340389
0.9905660377358491,0.732801595214357,0.8856082034423912
0.99055330634278,0.7318045862412762,0.8856188714484875
0.9905405405405405,0.7308075772681955,0.8856650324884849
0.9905277401894452,0.7298105682951147,0.8859423087385725
0.9905149051490515,0.7288135593220338,0.8872453699361987
0.9905020352781547,0.7278165503489531,0.8877248552451071
0.9904891304347826,0.7268195413758723,0.8877582564544311
0.9904761904761905,0.7258225324027916,0.8879161625447376
0.9904632152588556,0.7248255234297108,0.8879338809091488
0.990450204638472,0.7238285144566301,0.8879840464538418
0.9904371584699454,0.7228315054835494,0.8884910692022311
0.9904240766073872,0.7218344965104686,0.8886370214041899
0.9904109589041096,0.7208374875373879,0.8889070381757539
0.99039780521262,0.7198404785643071,0.8896071469240603
0.9903846153846154,0.7188434695912264,0.8897534393978324
0.9903713892709766,0.7178464606181456,0.8911323833335449
0.990358126721763,0.7168494516450648,0.8912289821051131
0.9903448275862069,0.715852442671984,0.8914586935203256
0.9903314917127072,0.7148554336989033,0.8927693542817116
0.9903181189488244,0.7138584247258225,0.8932016993461245
0.9903047091412742,0.7128614157527418,0.8937593316063875
0.9902912621359223,0.711864406779661,0.8937639183562132
0.9902777777777778,0.7108673978065803,0.8942224299022726
0.9902642559109874,0.7098703888334995,0.8943294357576342
0.9902506963788301,0.7088733798604188,0.8943386341144668
0.9916317991631799,0.7088733798604188,0.8959010802372748
0.9916201117318436,0.707876370887338,0.8968812351686609
0.9916083916083916,0.7068793619142573,0.8973083846080294
0.9915966386554622,0.7058823529411765,0.8974334524293207
0.9915848527349228,0.7048853439680958,0.8981159167591032
0.9915730337078652,0.7038883349950149,0.8992173019168177
0.9915611814345991,0.7028913260219342,0.9001425167278838
0.9915492957746479,0.7018943170488534,0.9008861592233618
0.9915373765867419,0.7008973080757727,0.9015085592496526
0.9915254237288136,0.6999002991026919,0.9016059383314655
0.9915134370579916,0.6989032901296112,0.9018115976213362
0.9915014164305949,0.6979062811565304,0.9021632663156772
0.9914893617021276,0.6969092721834497,0.9022805142688947
0.9914772727272727,0.6959122632103689,0.9029299282928658
0.9914651493598862,0.6949152542372882,0.9030985861397186
0.9914529914529915,0.6939182452642074,0.9031336955139191
0.9914407988587732,0.6929212362911267,0.9033110186001582
0.9914285714285714,0.6919242273180458,0.903349574889333
0.9914163090128756,0.6909272183449651,0.9039237227017015
0.9914040114613181,0.6899302093718843,0.9041889289868188
0.9913916786226685,0.6889332003988036,0.9045910565036167
0.9913793103448276,0.6879361914257228,0.9049121589339905
0.9913669064748202,0.6869391824526421,0.9049695687677791
0.9913544668587896,0.6859421734795613,0.905632876110223
0.9913419913419913,0.6849451645064806,0.9064838288053316
0.9913294797687862,0.6839481555333998,0.9065313678310117
0.9913169319826338,0.6829511465603191,0.9070724956327095
0.991304347826087,0.6819541375872383,0.9071849782716258
0.9912917271407837,0.6809571286141576,0.9076027566031137
0.9912790697674418,0.6799601196410767,0.9076573698187168
0.9912663755458515,0.678963110667996,0.9082181349291738
0.9912536443148688,0.6779661016949152,0.908332561777012
0.9912408759124087,0.6769690927218345,0.9083819155843901
0.9912280701754386,0.6759720837487537,0.9090544549667733
0.9912152269399708,0.674975074775673,0.9095135081415057
0.9912023460410557,0.6739780658025922,0.9098203180925373
0.9911894273127754,0.6729810568295115,0.9110949790838317
0.9911764705882353,0.6719840478564307,0.9116395804384608
0.9911634756995582,0.67098703888335,0.9116863610737085
0.9911504424778761,0.6699900299102692,0.9126449612937011
0.9911373707533235,0.6689930209371885,0.9130489199712825
0.9911242603550295,0.6679960119641076,0.9132157969628675
0.9925925925925926,0.6679960119641076,0.9134593916716953
0.9925816023738873,0.6669990029910269,0.9137418586476055
0.9925705794947994,0.6660019940179461,0.9138238529522696
0.9925595238095238,0.6650049850448654,0.9139696332440908
0.992548435171386,0.6640079760717846,0.9140295196814521
0.9925373134328358,0.6630109670987039,0.9141438782999961
0.992526158445441,0.6620139581256231,0.9143956005300111
0.9925149700598802,0.6610169491525424,0.9145066270650345
0.992503748125937,0.6600199401794616,0.9150410438537365
0.9924924924924925,0.6590229312063809,0.9151471763399374
0.9924812030075187,0.6580259222333001,0.9151938289573053
0.9924698795180723,0.6570289132602194,0.9158438107495992
0.9924585218702866,0.6560319042871385,0.9164904251219701
0.9924471299093656,0.6550348953140578,0.9170399030015871
0.9924357034795764,0.654037886340977,0.9171617083288052
0.9924242424242424,0.6530408773678963,0.9173531852517041
0.992412746585736,0.6520438683948155,0.9186741040891026
0.9924012158054711,0.6510468594217348,0.9193436064350691
0.9923896499238964,0.650049850448654,0.9197770121962703
0.9923780487804879,0.6490528414755733,0.919842349591397
0.9923664122137404,0.6480558325024925,0.9199871903437604
0.9923547400611621,0.6470588235294118,0.9202914687457184
0.9923430321592649,0.646061814556331,0.9204855430630087
0.9923312883435583,0.6450648055832503,0.920867325730811
0.9923195084485407,0.6440677966101694,0.9208695325343005
0.9923076923076923,0.6430707876370887,0.9212131117099763
0.9922958397534669,0.6420737786640079,0.921265991160434
0.9922839506172839,0.6410767696909272,0.9212842468631433
0.9922720247295209,0.6400797607178464,0.9213623815167108
0.9922600619195047,0.6390827517447657,0.9214129725443363
0.9922480620155039,0.638085742771685,0.9219314024090997
0.9922360248447205,0.6370887337986042,0.9225196468501594
0.9922239502332815,0.6360917248255235,0.9233397296899172
0.9937694704049844,0.6360917248255235,0.923584279506963
0.9937597503900156,0.6350947158524427,0.9239636279210219
0.99375,0.634097706879362,0.9243047480313473
0.9937402190923318,0.6331006979062812,0.9245778381316024
0.9937304075235109,0.6321036889332003,0.9252158276577469
0.9937205651491365,0.6311066799601196,0.9257880301918417
0.9937106918238994,0.6301096709870389,0.9259165119130557
0.9937007874015747,0.6291126620139581,0.9260628548997475
0.9936908517350158,0.6281156530408774,0.9268534479846611
0.9936808846761453,0.6271186440677966,0.9269648938164876
0.9936708860759493,0.6261216350947159,0.9270992770966805
0.993660855784469,0.6251246261216351,0.9273300254362215
0.9936507936507937,0.6241276171485544,0.9275382879871524
0.9936406995230525,0.6231306081754736,0.9277756245697705
0.9936305732484076,0.6221335992023929,0.9282313693886232
0.9936204146730463,0.6211365902293121,0.9284334473387085
0.9936102236421726,0.6201395812562313,0.9291844123103334
0.9936,0.6191425722831505,0.9295245934379162
0.9935897435897436,0.6181455633100698,0.929634547869501
0.9951845906902087,0.6181455633100698,0.9301245477533492
0.9951768488745981,0.617148554336989,0.9304687956991177
0.9951690821256038,0.6161515453639083,0.9307152869343303
0.9951612903225806,0.6151545363908275,0.930756108066354
0.9951534733441034,0.6141575274177468,0.9309476051263368
0.9951456310679612,0.613160518444666,0.9309516880412383
0.9951377633711507,0.6121635094715853,0.9310082011362125
0.9951298701298701,0.6111665004985045,0.9314693491625247
0.9951219512195122,0.6101694915254238,0.9315867138088204
0.995114006514658,0.609172482552343,0.9315959218670004
0.9951060358890701,0.6081754735792622,0.9319240686656735
0.9950980392156863,0.6071784646061814,0.9321263517558152
0.9950900163666121,0.6061814556331007,0.9321767646077876
0.9950819672131147,0.6051844466600199,0.9323400810780265
0.9950738916256158,0.6041874376869392,0.9325193085517004
0.9950657894736842,0.6031904287138584,0.9326239525008173
0.9950576606260296,0.6021934197407777,0.932720515534614
0.995049504950495,0.6011964107676969,0.932933541238316
0.9950413223140496,0.6001994017946162,0.9333287315604989
0.9950331125827815,0.5992023928215354,0.9340591795318339
0.9950248756218906,0.5982053838484547,0.9340823713526494
0.9950166112956811,0.5972083748753739,0.9346254178877675
0.9950083194675541,0.5962113659022931,0.9347328531384144
0.995,0.5952143569292123,0.9348271828660426
0.994991652754591,0.5942173479561316,0.9350591215214527
0.9949832775919732,0.5932203389830508,0.9352304767922135
0.9949748743718593,0.5922233300099701,0.9354852773603509
0.9949664429530202,0.5912263210368893,0.9359365424226401
0.9949579831932773,0.5902293120638086,0.9360058535711603
0.9949494949494949,0.5892323030907278,0.9361238459515321
0.9949409780775716,0.5882352941176471,0.936216446759348
0.9949324324324325,0.5872382851445663,0.9364171323646415
0.9949238578680203,0.5862412761714856,0.9368734195337468
0.9949152542372881,0.5852442671984048,0.9369503055090818
0.9949066213921901,0.584247258225324,0.937010932407789
0.9948979591836735,0.5832502492522432,0.9370843185102299
0.9948892674616695,0.5822532402791625,0.9371012776737263
0.9948805460750854,0.5812562313060817,0.9371447765314842
0.9948717948717949,0.580259222333001,0.9372579753384851
0.9965753424657534,0.580259222333001,0.9373961825586985
0.9965694682675815,0.5792622133599202,0.9374564182583816
0.9965635738831615,0.5782652043868395,0.9379464467107572
0.9965576592082617,0.5772681954137587,0.938052053635832
0.996551724137931,0.576271186440678,0.9381116012028268
0.9965457685664939,0.5752741774675972,0.9382769260899069
0.9965397923875432,0.5742771684945165,0.9383445704455967
0.9965337954939342,0.5732801595214357,0.9383471505580941
0.9965277777777778,0.5722831505483549,0.9385426413573087
0.9965217391304347,0.5712861415752741,0.938814367538213
0.9965156794425087,0.5702891326021934,0.9388824836962664
0.9965095986038395,0.5692921236291126,0.939037279622046
0.9965034965034965,0.5682951146560319,0.9396329229091573
0.9964973730297724,0.5672981056829511,0.939917225189744
0.9964912280701754,0.5663010967098704,0.9409934071663187
0.9964850615114236,0.5653040877367896,0.9411374270196974
0.9964788732394366,0.5643070787637089,0.9411557512444926
0.9982363315696648,0.5643070787637089,0.9411808249844777
0.9982332155477032,0.5633100697906281,0.9412200858234021
0.9982300884955753,0.5623130608175474,0.9419397296914278
0.99822695035461,0.5613160518444666,0.9419521985939886
0.9982238010657194,0.5603190428713859,0.9427947370751992
0.998220640569395,0.559322033898305,0.942823371839707
0.9982174688057041,0.5583250249252243,0.9430802573546193
0.9982142857142857,0.5573280159521435,0.9432307022508205
0.998211091234347,0.5563310069790628,0.9435560950233378
0.9982078853046595,0.555333998005982,0.9442649099172533
0.9982046678635548,0.5543369890329013,0.944819172223561
0.9982014388489209,0.5533399800598205,0.9449928725293784
0.9981981981981982,0.5523429710867398,0.945616761317149
0.9981949458483754,0.551345962113659,0.9456448910949597
0.9981916817359855,0.5503489531405783,0.9466818042389222
0.9981884057971014,0.5493519441674976,0.9469584753395994
0.9981851179673321,0.5483549351944168,0.9469998874948033
0.9981818181818182,0.5473579262213359,0.9472343636630649
0.9981785063752276,0.5463609172482552,0.9472996536746289
0.9981751824817519,0.5453639082751744,0.9475431556688553
0.9981718464351006,0.5443668993020937,0.9475451650416158
0.9981684981684982,0.543369890329013,0.9476276864622049
0.998165137614679,0.5423728813559322,0.9476355916445293
0.9981617647058824,0.5413758723828515,0.9477627155322315
0.998158379373849,0.5403788634097707,0.9478348429851889
0.9981549815498155,0.53938185443669,0.9479672334795193
0.9981515711645101,0.5383848454636092,0.9481591435193857
0.9981481481481481,0.5373878364905285,0.9488860011261009
0.9981447124304267,0.5363908275174477,0.9489307216820683
0.9981412639405205,0.5353938185443669,0.9490265834109014
0.9981378026070763,0.5343968095712861,0.9492813908322428
0.9981343283582089,0.5333998005982054,0.9497070500955102
0.9981308411214953,0.5324027916251246,0.949909199142462
0.99812734082397,0.5314057826520439,0.9499736172278338
0.99812382739212,0.5304087736789631,0.9499882254307996
1.0,0.5304087736789631,0.9504171210406009
1.0,0.5294117647058824,0.950856103496265
1.0,0.5284147557328016,0.9509515453862222
1.0,0.5274177467597209,0.9519082944122756
1.0,0.5264207377866401,0.9520037355534655
1.0,0.5254237288135594,0.9530765767705357
1.0,0.5244267198404786,0.9531001530007183
1.0,0.5234297108673978,0.953392213686334
1.0,0.522432701894317,0.9534082921417
1.0,0.5214356929212363,0.9535198064748986
1.0,0.5204386839481555,0.9535200345997263
1.0,0.5194416749750748,0.9535861775320564
1.0,0.518444666001994,0.9536990864338852
1.0,0.5174476570289133,0.954245023663086
1.0,0.5164506480558325,0.9543395877891878
1.0,0.5154536390827518,0.9545036459747277
1.0,0.514456630109671,0.9545682098403224
1.0,0.5134596211365903,0.9546632749856371
1.0,0.5124626121635095,0.9552116969869842
1.0,0.5114656031904287,0.9552973851769446
1.0,0.5104685942173479,0.9557259624092854
1.0,0.5094715852442672,0.9557417653530134
1.0,0.5084745762711864,0.955947527745903
1.0,0.5074775672981057,0.9563876578660525
1.0,0.5064805583250249,0.9565797698487426
1.0,0.5054835493519442,0.9566082994391365
1.0,0.5044865403788634,0.9566765665777889
1.0,0.5034895314057827,0.9571796023957511
1.0,0.5024925224327019,0.9573170696710022
1.0,0.5014955134596212,0.9573537513368048
1.0,0.5004985044865404,0.9574535847591696
1.0,0.4995014955134596,0.9577366407120294
1.0,0.4985044865403789,0.9578630356272656
1.0,0.49750747756729813,0.9580682050076491
1.0,0.4965104685942173,0.9585839067412751
1.0,0.4955134596211366,0.9587066240728591
1.0,0.4945164506480558,0.9594850993788534
1.0,0.4935194416749751,0.9596153308977675
1.0,0.49252243270189433,0.959693201835831
1.0,0.4915254237288136,0.9598223091695979
1.0,0.4905284147557328,0.9604470405020608
1.0,0.48953140578265203,0.9605318300643754
1.0,0.4885343968095713,0.9610834640844285
1.0,0.48753738783649053,0.9611577473926104
1.0,0.4865403788634098,0.9614495588661289
1.0,0.48554336989032904,0.9614668835016221
1.0,0.48454636091724823,0.9615285991349494
1.0,0.4835493519441675,0.9617233415877845
1.0,0.48255234297108673,0.9621034435169139
1.0,0.481555333998006,0.9625953695183682
1.0,0.48055832502492524,0.9627511762096225
1.0,0.4795613160518445,0.9629018143655762
1.0,0.4785643070787637,0.9629108399045824
1.0,0.47756729810568294,0.9633962517372083
1.0,0.4765702891326022,0.9634381820237325
1.0,0.47557328015952144,0.9634876377644717
1.0,0.4745762711864407,0.963630221519372
1.0,0.47357926221335994,0.9637468576935312
1.0,0.47258225324027914,0.9637825773540923
1.0,0.4715852442671984,0.9638050284496521
1.0,0.47058823529411764,0.9638475660649111
1.0,0.4695912263210369,0.9639137474468189
1.0,0.46859421734795614,0.9640017614303806
1.0,0.4675972083748754,0.9640670756787194
1.0,0.4666001994017946,0.9642144879810697
1.0,0.46560319042871384,0.9642390172297562
1.0,0.4646061814556331,0.9644207978741158
1.0,0.46360917248255235,0.9645675821750749
1.0,0.4626121635094716,0.9646188990032546
1.0,0.46161515453639085,0.9646997521464719
1.0,0.46061814556331004,0.9648549092070987
1.0,0.4596211365902293,0.9651495762919134
1.0,0.45862412761714855,0.9651658776040722
1.0,0.4576271186440678,0.9653142281799527
1.0,0.45663010967098705,0.9660435817116872
1.0,0.4556331006979063,0.9660993256177836
1.0,0.4546360917248255,0.9663038651099908
1.0,0.45363908275174475,0.9664403022942197
1.0,0.452642073778664,0.9665874671073634
1.0,0.45164506480558325,0.9666905983300678
1.0,0.4506480558325025,0.9669459521506448
1.0,0.44965104685942175,0.9669682959158034
1.0,0.44865403788634095,0.9670226907737651
1.0,0.4476570289132602,0.9671092246492244
1.0,0.44666001994017945,0.9671559014978058
1.0,0.4456630109670987,0.9671854222717136
1.0,0.44466600199401796,0.9672386691553194
1.0,0.4436689930209372,0.9674230517782071
1.0,0.4426719840478564,0.967475583572467
1.0,0.44167497507477566,0.9674977053445344
1.0,0.4406779661016949,0.9677145613769115
1.0,0.43968095712861416,0.9678920796150805
1.0,0.4386839481555334,0.9679271563286375
1.0,0.43768693918245266,0.9680194033407907
1.0,0.43668993020937186,0.9685317769207908
1.0,0.4356929212362911,0.9685439466964892
1.0,0.43469591226321036,0.968763532188265
1.0,0.4336989032901296,0.968842810015039
1.0,0.43270189431704886,0.9688554609095361
1.0,0.4317048853439681,0.96891167693498
1.0,0.4307078763708873,0.9689795233567439
1.0,0.42971086739780656,0.9693520148256739
1.0,0.4287138584247258,0.969411513692707
1.0,0.42771684945164506,0.9694907534284225
1.0,0.4267198404785643,0.969525203031146
1.0,0.42572283150548357,0.9696217718743598
1.0,0.4247258225324028,0.9698791594427013
1.0,0.423728813559322,0.9699209844879223
1.0,0.42273180458624127,0.9699366978256205
1.0,0.4217347956131605,0.9699886237971737
1.0,0.42073778664007977,0.9700785921055994
1.0,0.419740777666999,0.9701361115159666
1.0,0.4187437686939183,0.9702048009991128
1.0,0.41774675972083747,0.9702330134121503
1.0,0.4167497507477567,0.9703243812375774
1.0,0.41575274177467597,0.9705779143553018
1.0,0.4147557328015952,0.9708199298294112
1.0,0.4137587238285145,0.9708751853132821
1.0,0.4127617148554337,0.9711712077005318
1.0,0.4117647058823529,0.971696889319533
1.0,0.4107676969092722,0.9718231870795562
1.0,0.4097706879361914,0.9718561508615516
1.0,0.4087736789631107,0.9719002639271572
1.0,0.4077766699900299,0.9720078540842847
1.0,0.4067796610169492,0.9720080077447116
1.0,0.4057826520438684,0.9721056937545199
1.0,0.4047856430707876,0.9721090561138567
1.0,0.4037886340977069,0.9721551037241
1.0,0.40279162512462613,0.9722068617974087
1.0,0.4017946161515454,0.9722679950424281
1.0,0.40079760717846463,0.9722971924775424
1.0,0.39980059820538383,0.9725308346915424
1.0,0.3988035892323031,0.9725595130044807
1.0,0.39780658025922233,0.9728935838712589
1.0,0.3968095712861416,0.9729539881929983
1.0,0.39581256231306083,0.9730271337270967
1.0,0.3948155533399801,0.9730567768699849
1.0,0.3938185443668993,0.973059069626687
1.0,0.39282153539381853,0.9732496846655164
1.0,0.3918245264207378,0.9734016088315216
1.0,0.39082751744765704,0.9734345362784548
1.0,0.3898305084745763,0.973516804646347
1.0,0.38883349950149554,0.9735540606734739
1.0,0.38783649052841473,0.9735711833860959
1.0,0.386839481555334,0.9736977905364215
1.0,0.38584247258225324,0.973727012684212
1.0,0.3848454636091725,0.9741537900287933
1.0,0.38384845463609174,0.9741544051303229
1.0,0.382851445663011,0.9742071130921488
1.0,0.3818544366899302,0.9743975892732317
1.0,0.38085742771684944,0.9744041393733114
1.0,0.3798604187437687,0.9744840630511546
1.0,0.37886340977068794,0.9745557038992976
1.0,0.3778664007976072,0.974569321987829
1.0,0.37686939182452645,0.9747244544655828
1.0,0.37587238285144564,0.9748095376735468
1.0,0.3748753738783649,0.9748859555575815
1.0,0.37387836490528414,0.9749015221170017
1.0,0.3728813559322034,0.9753254201764096
1.0,0.37188434695912265,0.9754114599234545
1.0,0.3708873379860419,0.9755217150889198
1.0,0.3698903290129611,0.9755622705364652
1.0,0.36889332003988035,0.9756910190300045
1.0,0.3678963110667996,0.975696777743605
1.0,0.36689930209371885,0.9758178273411331
1.0,0.3659022931206381,0.9759355258123542
1.0,0.36490528414755735,0.9760996820002817
1.0,0.36390827517447655,0.9761641266701429
1.0,0.3629112662013958,0.9762217572791656
1.0,0.36191425722831505,0.9763591729049371
1.0,0.3609172482552343,0.9763611634428435
1.0,0.35992023928215355,0.9764492425947606
1.0,0.3589232303090728,0.9765753178392376
1.0,0.357926221335992,0.9766301199186369
1.0,0.35692921236291125,0.9766470658514957
1.0,0.3559322033898305,0.976781636096086
1.0,0.35493519441674976,0.9769927001253441
1.0,0.353938185443669,0.9771898471567966
1.0,0.35294117647058826,0.9773272748114867
1.0,0.35194416749750745,0.9773452214756269
1.0,0.3509471585244267,0.9775141179735376
1.0,0.34995014955134596,0.9776735318133768
1.0,0.3489531405782652,0.9776906985409771
1.0,0.34795613160518446,0.9777089420079629
1.0,0.3469591226321037,0.9777546530049933
1.0,0.3459621136590229,0.9779715710780147
1.0,0.34496510468594216,0.9780538689194839
1.0,0.3439680957128614,0.9781155501941275
1.0,0.34297108673978066,0.9781454696446364
1.0,0.3419740777666999,0.9781951628085137
1.0,0.34097706879361916,0.9782347065214028
1.0,0.33998005982053836,0.9783130146569554
1.0,0.3389830508474576,0.9785320651494126
1.0,0.33798604187437686,0.9785334197655808
1.0,0.3369890329012961,0.9785890961207852
1.0,0.33599202392821537,0.9785974852083448
1.0,0.3349950149551346,0.9786114290797527
1.0,0.3339980059820538,0.9790221955889458
1.0,0.33300099700897307,0.9794292108050047
1.0,0.3320039880358923,0.9794449818411152
1.0,0.33100697906281157,0.9796418860076658
1.0,0.3300099700897308,0.9797211639538741
1.0,0.32901296111665007,0.9798833759921249
1.0,0.32801595214356927,0.9798858072252644
1.0,0.3270189431704885,0.9799749962230404
1.0,0.32602193419740777,0.9800413018370634
1.0,0.325024925224327,0.9800947273240188
1.0,0.3240279162512463,0.9801440800992129
1.0,0.3230309072781655,0.9801556161664403
1.0,0.3220338983050847,0.980173345093468
1.0,0.32103688933200397,0.9803160148774607
1.0,0.3200398803589232,0.9803350446863169
1.0,0.3190428713858425,0.9803615658335603
1.0,0.3180458624127617,0.9804432446444082
1.0,0.317048853439681,0.9808165277398885
1.0,0.3160518444666002,0.9808426973458332
1.0,0.3150548354935194,0.9809558085296444
1.0,0.3140578265204387,0.9809603676467163
1.0,0.31306081754735793,0.9809609359997322
1.0,0.3120638085742772,0.9810696453725635
1.0,0.31106679960119643,0.9810727912603281
1.0,0.3100697906281156,0.9811051254716556
1.0,0.3090727816550349,0.9811090218931577
1.0,0.30807577268195413,0.9811815675401008
1.0,0.3070787637088734,0.9812793761670249
1.0,0.30608175473579263,0.9812921381359717
1.0,0.3050847457627119,0.9814701223917702
1.0,0.3040877367896311,0.9814979395988588
1.0,0.30309072781655033,0.9815644300008853
1.0,0.3020937188434696,0.9816413616449923
1.0,0.30109670987038883,0.9816922597602695
1.0,0.3000997008973081,0.9817487145579414
1.0,0.29910269192422734,0.9817959527352752
1.0,0.29810568295114653,0.9818008813004078
1.0,0.2971086739780658,0.9820013846392819
1.0,0.29611166500498504,0.9820282057368841
1.0,0.2951146560319043,0.9821197304336361
1.0,0.29411764705882354,0.9821540871416505
1.0,0.2931206380857428,0.9824418058032822
1.0,0.292123629112662,0.9824947106650551
1.0,0.29112662013958124,0.9826035376365196
1.0,0.2901296111665005,0.9826718135062633
1.0,0.28913260219341974,0.9826830177178372
1.0,0.288135593220339,0.9827045355246499
1.0,0.28713858424725824,0.9827314182854959
1.0,0.28614157527417744,0.9828234266422475
1.0,0.2851445663010967,0.9828619491941358
1.0,0.28414755732801594,0.9828716146484499
1.0,0.2831505483549352,0.9829020086545484
1.0,0.28215353938185445,0.9829076508300368
1.0,0.2811565304087737,0.9829136635926947
1.0,0.28015952143569295,0.9829212969614638
1.0,0.27916251246261214,0.9830022580556224
1.0,0.2781655034895314,0.9830211370720503
1.0,0.27716849451645065,0.9830280676180039
1.0,0.2761714855433699,0.9830324733333414
1.0,0.27517447657028915,0.9830437036064372
1.0,0.2741774675972084,0.9830623536516042
1.0,0.2731804586241276,0.9830759728054521
1.0,0.27218344965104685,0.9831093067325803
1.0,0.2711864406779661,0.9831640164514645
1.0,0.27018943170488535,0.9832304926075324
1.0,0.2691924227318046,0.9833241950813795
1.0,0.26819541375872386,0.9835079518032255
1.0,0.26719840478564305,0.9835942623233336
1.0,0.2662013958125623,0.9836024210916399
1.0,0.26520438683948155,0.9836037493093067
1.0,0.2642073778664008,0.9836045878719287
1.0,0.26321036889332006,0.983642100377453
1.0,0.2622133599202393,0.9836562481696827
1.0,0.2612163509471585,0.9837197971673755
1.0,0.26021934197407776,0.9837670808454753
1.0,0.259222333000997,0.9837673483170881
1.0,0.25822532402791626,0.9837970778654573
1.0,0.2572283150548355,0.9837992753741828
1.0,0.25623130608175476,0.983862100138173
1.0,0.25523429710867396,0.9839635359635184
1.0,0.2542372881355932,0.9839817949868155
1.0,0.25324027916251246,0.9840484227109821
1.0,0.2522432701894317,0.984078619136256
1.0,0.25124626121635096,0.9841318030710695
1.0,0.2502492522432702,0.98419818781095
1.0,0.24925224327018944,0.9843556202118434
1.0,0.24825523429710866,0.9844014243475616
1.0,0.2472582253240279,0.984465217221219
1.0,0.24626121635094717,0.9844771099389293
1.0,0.2452642073778664,0.9845360290345606
1.0,0.24426719840478564,0.984545815494588
1.0,0.2432701894317049,0.9845530852841483
1.0,0.24227318045862412,0.9845606246129557
1.0,0.24127617148554337,0.9845623995642024
1.0,0.24027916251246262,0.9846804948513677
1.0,0.23928215353938184,0.9846932350099111
1.0,0.2382851445663011,0.9847026064282934
1.0,0.23728813559322035,0.9847028783991857
1.0,0.23629112662013957,0.9847443286742914
1.0,0.23529411764705882,0.984759692583628
1.0,0.23429710867397807,0.9849129039119421
1.0,0.2333000997008973,0.9849288366505863
1.0,0.23230309072781655,0.9850667019187861
1.0,0.2313060817547358,0.9851811926903796
1.0,0.23030907278165502,0.9853434459525722
1.0,0.22931206380857427,0.9853570601790721
1.0,0.22831505483549352,0.9853984252046802
1.0,0.22731804586241275,0.9854278145928052
1.0,0.226321036889332,0.9854783506146874
1.0,0.22532402791625125,0.9855100731657467
1.0,0.22432701894317048,0.9856020460544933
1.0,0.22333000997008973,0.9856098781804828
1.0,0.22233300099700898,0.9856101287006002
1.0,0.2213359920239282,0.9856227001571674
1.0,0.22033898305084745,0.9856833794747213
1.0,0.2193419740777667,0.9856921298604019
1.0,0.21834496510468593,0.9859379816497217
1.0,0.21734795613160518,0.9859854662129639
1.0,0.21635094715852443,0.9861554433611013
1.0,0.21535393818544366,0.9861711224297764
1.0,0.2143569292123629,0.9861812801203278
1.0,0.21335992023928216,0.9863200588391519
1.0,0.2123629112662014,0.9863453711211755
1.0,0.21136590229312063,0.9863869117816277
1.0,0.21036889332003988,0.9864061337540964
1.0,0.20937188434695914,0.9864079806930897
1.0,0.20837487537387836,0.9865035477682997
1.0,0.2073778664007976,0.9865616865014997
1.0,0.20638085742771686,0.9866039454459358
1.0,0.2053838484546361,0.9867322269471505
1.0,0.20438683948155534,0.9867536724692104
1.0,0.2033898305084746,0.9868477309502327
1.0,0.2023928215353938,0.9871087809323899
1.0,0.20139581256231306,0.9871409914026616
1.0,0.20039880358923232,0.9871508502948618
1.0,0.19940179461615154,0.9872390343356016
1.0,0.1984047856430708,0.9872584885874651
1.0,0.19740777666999004,0.9872775200357619
1.0,0.19641076769690927,0.9873472488929249
1.0,0.19541375872382852,0.987362783977965
1.0,0.19441674975074777,0.9873709255760866
1.0,0.193419740777667,0.9874260186615639
1.0,0.19242273180458624,0.9874412605605204
1.0,0.1914257228315055,0.9874556707110109
1.0,0.19042871385842472,0.9874996633009414
1.0,0.18943170488534397,0.9875098474775875
1.0,0.18843469591226322,0.9875928252549654
1.0,0.18743768693918245,0.9876186349691638
1.0,0.1864406779661017,0.9876274840360868
1.0,0.18544366899302095,0.9876636881177246
1.0,0.18444666001994017,0.9877509925786269
1.0,0.18344965104685942,0.9878480789157593
1.0,0.18245264207377868,0.9878534387085265
1.0,0.1814556331006979,0.9878894749735425
1.0,0.18045862412761715,0.9879314347393822
1.0,0.1794616151545364,0.9880105761585118
1.0,0.17846460618145563,0.9880142147848073
1.0,0.17746759720837488,0.9880456328472135
1.0,0.17647058823529413,0.9880548545367753
1.0,0.17547357926221335,0.9881250304929459
1.0,0.1744765702891326,0.9881765347516211
1.0,0.17347956131605186,0.988201926405716
1.0,0.17248255234297108,0.9882436991582954
1.0,0.17148554336989033,0.9882816648323783
1.0,0.17048853439680958,0.9882895131814226
1.0,0.1694915254237288,0.9884141160634301
1.0,0.16849451645064806,0.9884299420452802
1.0,0.1674975074775673,0.9884737032971272
1.0,0.16650049850448653,0.9884748216704949
1.0,0.16550348953140578,0.9884761042887703
1.0,0.16450648055832504,0.9885959404342592
1.0,0.16350947158524426,0.9886079944364412
1.0,0.1625124626121635,0.9886231466637555
1.0,0.16151545363908276,0.9886328148759949
1.0,0.16051844466600199,0.9886395685776563
1.0,0.15952143569292124,0.9886807621809853
1.0,0.1585244267198405,0.9887576386879311
1.0,0.1575274177467597,0.9887726982630227
1.0,0.15653040877367896,0.9888514706978092
1.0,0.15553339980059822,0.9888567173865354
1.0,0.15453639082751744,0.9888679486578562
1.0,0.1535393818544367,0.9890593661746022
1.0,0.15254237288135594,0.9890847512357572
1.0,0.15154536390827517,0.9890929929019678
1.0,0.15054835493519442,0.989176017691123
1.0,0.14955134596211367,0.9892225315327391
1.0,0.1485543369890329,0.9892830881805464
1.0,0.14755732801595214,0.9894836989649004
1.0,0.1465603190428714,0.9895213278140502
1.0,0.14556331006979062,0.9896517038145144
1.0,0.14456630109670987,0.9897518313432497
1.0,0.14356929212362912,0.9897562175062531
1.0,0.14257228315054835,0.9897723177077499
1.0,0.1415752741774676,0.9897882820851356
1.0,0.14057826520438685,0.9898236673864876
1.0,0.13958125623130607,0.9898385821765386
1.0,0.13858424725822532,0.9898640345195459
1.0,0.13758723828514458,0.9898992333261522
1.0,0.1365902293120638,0.9899405869311426
1.0,0.13559322033898305,0.9899444854067778
1.0,0.1345962113659023,0.9899515660132084
1.0,0.13359920239282153,0.9899703188588078
1.0,0.13260219341974078,0.9900315158162147
1.0,0.13160518444666003,0.990144897602687
1.0,0.13060817547357925,0.9901508195830718
1.0,0.1296111665004985,0.9901684569630814
1.0,0.12861415752741776,0.9901796810710162
1.0,0.12761714855433698,0.9902146799644752
1.0,0.12662013958125623,0.9902932011883558
1.0,0.12562313060817548,0.9903213093250915
1.0,0.12462612163509472,0.9903818329330258
1.0,0.12362911266201396,0.9903869216080275
1.0,0.1226321036889332,0.990387220683357
1.0,0.12163509471585245,0.9904009115314473
1.0,0.12063808574277168,0.9904159986102379
1.0,0.11964107676969092,0.9904729143380223
1.0,0.11864406779661017,0.9904867822574152
1.0,0.11764705882352941,0.990528592169075
1.0,0.11665004985044865,0.9906142454988873
1.0,0.1156530408773679,0.9906874640080792
1.0,0.11465603190428714,0.9906941757172936
1.0,0.11365902293120637,0.9906999837803375
1.0,0.11266201395812563,0.9907111232821926
1.0,0.11166500498504486,0.9907473365840823
1.0,0.1106679960119641,0.9907912471948064
1.0,0.10967098703888335,0.9907993905642195
1.0,0.10867397806580259,0.9908079973915198
1.0,0.10767696909272183,0.9909032247617715
1.0,0.10667996011964108,0.9909045895526608
1.0,0.10568295114656032,0.990943490928629
1.0,0.10468594217347957,0.9909576839307362
1.0,0.1036889332003988,0.9909595200244662
1.0,0.10269192422731804,0.9909672518041724
1.0,0.1016949152542373,0.9909827643801807
1.0,0.10069790628115653,0.9909829060361324
1.0,0.09970089730807577,0.9912023554900411
1.0,0.09870388833499502,0.9912222556292843
1.0,0.09770687936191426,0.9912247799615607
1.0,0.0967098703888335,0.9913309730670091
1.0,0.09571286141575275,0.991358810888272
1.0,0.09471585244267199,0.9913730249688397
1.0,0.09371884346959122,0.9914338016651684
1.0,0.09272183449651047,0.991434255993189
1.0,0.09172482552342971,0.9915017571616364
1.0,0.09072781655034895,0.9915160576291618
1.0,0.0897308075772682,0.9915207323315441
1.0,0.08873379860418744,0.9915907995271007
1.0,0.08773678963110668,0.9916052694210089
1.0,0.08673978065802593,0.9918430738451766
1.0,0.08574277168494517,0.9919302201386485
1.0,0.0847457627118644,0.9920309327189464
1.0,0.08374875373878365,0.9921222496509483
1.0,0.08275174476570289,0.9921241502620376
1.0,0.08175473579262213,0.9921255610261471
1.0,0.08075772681954138,0.9922672285819819
1.0,0.07976071784646062,0.9923888153021485
1.0,0.07876370887337986,0.9924915181261976
1.0,0.07776669990029911,0.9925606238411192
1.0,0.07676969092721835,0.9926180618647099
1.0,0.07577268195413758,0.9926633466623218
1.0,0.07477567298105683,0.9926655753236187
1.0,0.07377866400797607,0.992693551372571
1.0,0.07278165503489531,0.9927254988316101
1.0,0.07178464606181456,0.9927621003567001
1.0,0.0707876370887338,0.9928675643521097
1.0,0.06979062811565304,0.9928990049058561
1.0,0.06879361914257229,0.9929092050301542
1.0,0.06779661016949153,0.9929165332828795
1.0,0.06679960119641076,0.9929596055083266
1.0,0.06580259222333001,0.9930200095226976
1.0,0.06480558325024925,0.9931063599140297
1.0,0.06380857427716849,0.993107171650191
1.0,0.06281156530408774,0.9931618134357781
1.0,0.06181455633100698,0.9931755605945954
1.0,0.06081754735792622,0.9932308147800961
1.0,0.05982053838484546,0.993403574418302
1.0,0.058823529411764705,0.9935940803852007
1.0,0.05782652043868395,0.9936418959057558
1.0,0.05682951146560319,0.9936701347768954
1.0,0.05583250249252243,0.9937398684564719
1.0,0.054835493519441676,0.9937451747122493
1.0,0.053838484546360914,0.9938850747346514
1.0,0.05284147557328016,0.9938870148998371
1.0,0.0518444666001994,0.9939232350962434
1.0,0.05084745762711865,0.9939308417968903
1.0,0.049850448654037885,0.9939846752653873
1.0,0.04885343968095713,0.9939961146318586
1.0,0.047856430707876374,0.9940893025223895
1.0,0.04685942173479561,0.9941110323701814
1.0,0.045862412761714856,0.9941169864954116
1.0,0.0448654037886341,0.9943238733483087
1.0,0.04386839481555334,0.9944171876885767
1.0,0.04287138584247258,0.9945099056542624
1.0,0.04187437686939183,0.994575708738276
1.0,0.040877367896311065,0.994613947817989
1.0,0.03988035892323031,0.99469553822126
1.0,0.038883349950149554,0.9947005805822714
1.0,0.03788634097706879,0.9947308215282319
1.0,0.036889332003988036,0.9947704019559221
1.0,0.03589232303090728,0.9948055090596345
1.0,0.03489531405782652,0.9948447455182823
1.0,0.03389830508474576,0.9948449813664879
1.0,0.03290129611166501,0.9949322578210806
1.0,0.031904287138584245,0.9950738014085291
1.0,0.03090727816550349,0.9950939282076315
1.0,0.02991026919242273,0.9951061014630793
1.0,0.028913260219341975,0.9951207579371016
1.0,0.027916251246261216,0.9951252986867517
1.0,0.026919242273180457,0.9951680589542375
1.0,0.0259222333000997,0.9952048347296946
1.0,0.024925224327018942,0.9952355744553438
1.0,0.023928215353938187,0.9952376507604004
1.0,0.022931206380857428,0.9952791382040905
1.0,0.02193419740777667,0.9952817056097916
1.0,0.020937188434695914,0.9953246335474428
1.0,0.019940179461615155,0.995346885340354
1.0,0.018943170488534396,0.9953479334664985
1.0,0.01794616151545364,0.9953853740344193
1.0,0.01694915254237288,0.995395672161911
1.0,0.015952143569292122,0.995406581399812
1.0,0.014955134596211365,0.9954198667163384
1.0,0.013958125623130608,0.9954247831770731
1.0,0.01296111665004985,0.995432807233409
1.0,0.011964107676969093,0.9954882297979082
1.0,0.010967098703888335,0.9955021790359615
1.0,0.009970089730807577,0.9955171275731279
1.0,0.00897308075772682,0.9957833133340437
1.0,0.007976071784646061,0.9957847302155806
1.0,0.006979062811565304,0.9960770339935141
1.0,0.005982053838484547,0.9961123173291594
1.0,0.004985044865403789,0.9966121402084954
1.0,0.003988035892323031,0.9966873864050931
1.0,0.0029910269192422734,0.9967593564567951
1.0,0.0019940179461615153,0.9969486680153018
1.0,0.0009970089730807576,0.9972969308986135
1.0,0.0,
