fpr,tpr,threshold
0.0,0.0,inf
0.0,0.0009970089730807576,0.9972969308986135
0.0,0.5304087736789631,0.9504171210406009
0.0007158196134574087,0.5304087736789631,0.9499882254307996
0.0007158196134574087,0.5643070787637089,0.9411808249844777
0.0014316392269148174,0.5643070787637089,0.9411557512444926
0.0014316392269148174,0.580259222333001,0.9373961825586985
0.0021474588403722263,0.580259222333001,0.9372579753384851
0.0021474588403722263,0.6181455633100698,0.9301245477533492
0.002863278453829635,0.6181455633100698,0.929634547869501
0.002863278453829635,0.6360917248255235,0.923584279506963
0.0035790980672870437,0.6360917248255235,0.9233397296899172
0.0035790980672870437,0.6679960119641076,0.9134593916716953
0.004294917680744453,0.6679960119641076,0.9132157969628675
0.004294917680744453,0.7088733798604188,0.8959010802372748
0.005010737294201861,0.7088733798604188,0.8943386341144668
0.005010737294201861,0.7517447657028913,0.8739693746556684
0.00572655690765927,0.7517447657028913,0.8733575072751294
0.00572655690765927,0.7637088733798604,0.8653261405785209
0.006442376521116679,0.7637088733798604,0.8650036386154226
0.006442376521116679,0.7826520438683948,0.8476593283112643
0.0071581961345740875,0.7826520438683948,0.8465999735820915
0.0071581961345740875,0.8185443668993021,0.8216467402564821
0.007874015748031496,0.8185443668993021,0.8200812275336805
0.007874015748031496,0.8235294117647058,0.8142698399324506
0.008589835361488905,0.8235294117647058,0.8141656538834088
0.008589835361488905,0.8374875373878365,0.8022552122888013
0.009305654974946313,0.8374875373878365,0.8021950190075813
0.009305654974946313,0.8454636091724825,0.794123903940279
0.010737294201861132,0.8454636091724825,0.7937143508551344
0.010737294201861132,0.8464606181455633,0.7932296150940328
0.01145311381531854,0.8464606181455633,0.7928853187359355
0.01145311381531854,0.8564307078763709,0.7866373156598236
0.012168933428775949,0.8564307078763709,0.7863792066248542
0.012168933428775949,0.8584247258225324,0.7855617750943074
0.013600572655690766,0.8584247258225324,0.7828327952087347
0.013600572655690766,0.8713858424725822,0.7698740654166213
0.014316392269148175,0.8713858424725822,0.7686818907701238
0.014316392269148175,0.872382851445663,0.768650053920091
0.015032211882605583,0.872382851445663,0.7682178956282039
0.015032211882605583,0.8733798604187437,0.7647482316600279
0.015748031496062992,0.8733798604187437,0.7643373487964887
0.015748031496062992,0.8813559322033898,0.7487292847762413
0.0164638511095204,0.8813559322033898,0.7457103560126911
0.0164638511095204,0.8843469591226321,0.7426359614573151
0.01717967072297781,0.8843469591226321,0.7397047251472119
0.01717967072297781,0.8963110667996012,0.7235619525689155
0.018611309949892626,0.8963110667996012,0.7169851384617382
0.018611309949892626,0.8973080757726819,0.7133447485689762
0.019327129563350035,0.8973080757726819,0.7127204472450313
0.019327129563350035,0.9002991026919243,0.7092508582331623
0.020042949176807445,0.9002991026919243,0.708100346021478
0.020042949176807445,0.901296111665005,0.6995857970133967
0.021474588403722263,0.901296111665005,0.6991059160295253
0.021474588403722263,0.9042871385842473,0.6945966618224398
0.02219040801717967,0.9042871385842473,0.6923633198221103
0.02219040801717967,0.909272183449651,0.6843173875799836
0.02290622763063708,0.909272183449651,0.6834811354547108
0.02290622763063708,0.9322033898305084,0.6535369028546719
0.023622047244094488,0.9322033898305084,0.6532169135376067
0.023622047244094488,0.93419740777667,0.6513176375754453
0.024337866857551897,0.93419740777667,0.6507973042796339
0.024337866857551897,0.9351944167497508,0.6488951968141407
0.025053686471009307,0.9351944167497508,0.6462719948740452
0.025053686471009307,0.9411764705882353,0.633439925178614
0.026485325697924122,0.9411764705882353,0.6333372653365383
0.026485325697924122,0.9501495513459621,0.6186923636412445
0.02720114531138153,0.9501495513459621,0.6178526152221601
0.02720114531138153,0.9601196410767697,0.5876957364416688
0.02863278453829635,0.9601196410767697,0.5870496256111396
0.02863278453829635,0.9651046859421735,0.5749149878742219
0.02934860415175376,0.9651046859421735,0.5698549210671293
0.02934860415175376,0.9700897308075773,0.5622507747110619
0.031496062992125984,0.9700897308075773,0.557814537222948
0.031496062992125984,0.9720837487537388,0.5565736172065097
0.0329277022190408,0.9720837487537388,0.5510399554933657
0.0329277022190408,0.9750747756729811,0.5355163178035858
0.03435934144595562,0.9750747756729811,0.5258737837025144
0.03435934144595562,0.9760717846460618,0.522439666950175
0.03793843951324266,0.9760717846460618,0.5077787583517069
0.03793843951324266,0.9770687936191426,0.5042728901310348
0.0408017179670723,0.9770687936191426,0.48954743683876756
0.0408017179670723,0.9780658025922233,0.48918167851998695
0.043664996420901936,0.9780658025922233,0.4778711084308387
0.043664996420901936,0.9790628115653041,0.4702032845438845
0.04438081603435934,0.9790628115653041,0.46820314102770894
0.04438081603435934,0.9800598205383848,0.463941812625038
0.04509663564781675,0.9800598205383848,0.46388749728541495
0.04509663564781675,0.9810568295114656,0.46368607913657345
0.04581245526127416,0.9810568295114656,0.4601802400645018
0.04581245526127416,0.9820538384845464,0.45838820499192706
0.049391553328561204,0.9820538384845464,0.44330330398174567
0.049391553328561204,0.9830508474576272,0.43944267933704956
0.052254831782390834,0.9830508474576272,0.4076447717625327
0.052254831782390834,0.9850448654037887,0.40363944034504834
0.05368647100930565,0.9850448654037887,0.40118037872117035
0.05368647100930565,0.9860418743768694,0.4011698029104987
0.05511811023622047,0.9860418743768694,0.3966335618397787
0.05511811023622047,0.9870388833499502,0.39441958487286777
0.05583392984967788,0.9870388833499502,0.39043113507336047
0.05583392984967788,0.9880358923230309,0.3878877138522818
0.0572655690765927,0.9880358923230309,0.36931073985647833
0.0572655690765927,0.9890329012961117,0.36569317190569334
0.06299212598425197,0.9890329012961117,0.3413508812592289
0.06299212598425197,0.9900299102691924,0.3273404191392503
0.06442376521116679,0.9900299102691924,0.3238769941001667
0.06442376521116679,0.9910269192422732,0.3235484579531931
0.06657122405153901,0.9910269192422732,0.30787577582867715
0.06657122405153901,0.9920239282153539,0.3070052903871084
0.07015032211882606,0.9920239282153539,0.28466608984497077
0.07015032211882606,0.9930209371884346,0.28180318064236837
0.08017179670722978,0.9930209371884346,0.25156067053086784
0.08017179670722978,0.9950149551345963,0.2463202626235591
0.09162491052254831,0.9950149551345963,0.2254140213041891
0.09162491052254831,0.9970089730807578,0.22497437673139353
0.09806728704366499,0.9970089730807578,0.21625977565262042
0.09806728704366499,0.9980059820538385,0.21208137743572023
0.14960629921259844,0.9980059820538385,0.1067884286265727
0.14960629921259844,0.9990029910269193,0.104780257261218
0.16750178954903364,0.9990029910269193,0.08308759974807996
0.16750178954903364,1.0,0.08176321016419455
0.35576234788833216,1.0,0.004008104888445781
0.35719398711524697,1.0,0.003977922095335274
0.3700787401574803,1.0,0.0030662099103478564
0.37151037938439513,1.0,0.0030425237129570256
0.3829634931997137,1.0,0.0024935786253072667
0.3843951324266285,1.0,0.0024864393192416895
0.4087329992841804,1.0,0.0015268998647195852
0.4108804581245526,1.0,0.0015241272095429539
0.43951324266284897,1.0,0.000909120253709
0.4409448818897638,1.0,0.000821067307250757
0.44380816034359344,1.0,0.0007273370342149249
0.44523979957050824,1.0,0.0007218961951457674
0.44953471725125266,1.0,0.0005901818607222966
0.4509663564781675,1.0,0.0005656864122810771
0.458840372226199,1.0,0.0003899682719311233
0.4602720114531138,1.0,0.0003890536749635204
0.4681460272011453,1.0,0.00029611857489643476
0.46957766642806015,1.0,0.0002774303593285339
0.47244094488188976,1.0,0.00024256133394525236
0.4753042233357194,1.0,0.0002362422186213977
0.4846098783106657,1.0,0.00018469963592503258
0.4860415175375805,1.0,0.0001838568134361639
0.4931997136721546,1.0,0.0001779220953352737
0.49606299212598426,1.0,0.00016510158251476086
0.5068002863278454,1.0,0.00011205694733139317
0.5082319255547602,1.0,0.0001104019422722042
0.5103793843951324,1.0,0.0001017336995614083
0.513242662848962,1.0,0.00010078836164855339
0.5146743020758768,1.0,9.976117579504381e-05
0.5211166785969935,1.0,8.794491436283207e-05
0.525411596277738,1.0,8.755601382572031e-05
0.5268432355046528,1.0,8.643931924168906e-05
0.5275590551181102,1.0,8.359832280534187e-05
0.5289906943450251,1.0,8.162579903897742e-05
0.5318539727988547,1.0,7.930012309289623e-05
0.5332856120257695,1.0,7.889227442907171e-05
0.5397279885468862,1.0,7.336490523516715e-05
0.541159627773801,1.0,7.298100776904158e-05
0.5425912670007158,1.0,6.839795887144855e-05
0.5440229062276306,1.0,6.827495939277141e-05
0.5454545454545454,1.0,6.431276505824567e-05
0.5518969219756621,1.0,6.154864380295539e-05
0.5547602004294918,1.0,6.116424657999095e-05
0.5576234788833214,1.0,6.044490423767737e-05
0.5597709377236937,1.0,5.5352721166483974e-05
0.5826771653543307,1.0,5.5229528479100734e-05
0.5926986399427344,1.0,5.5035391508946747e-05
0.5934144595561919,1.0,5.3410600836797984e-05
0.5977093772369363,1.0,5.090787732579502e-05
0.6012884753042234,1.0,5.0523480102830576e-05
0.6020042949176807,1.0,4.9924738613451575e-05
0.6048675733715104,1.0,4.862814304862675e-05
0.6062992125984252,1.0,4.747769097131488e-05
0.6141732283464567,1.0,4.656128576830483e-05
0.6320687186828919,1.0,4.458876200194037e-05
0.6413743736578382,1.0,4.269342494773655e-05
0.6449534717251253,1.0,4.226308605585918e-05
0.6506800286327845,1.0,4.187868883289474e-05
0.651395848246242,1.0,3.940520454969057e-05
0.6528274874731568,1.0,3.770296728231776e-05
0.6843235504652827,1.0,3.594397073200453e-05
0.6857551896921976,1.0,3.493488899638394e-05
0.686471009305655,1.0,3.3470486448800366e-05
0.690050107372942,1.0,3.176824918142754e-05
0.6914817465998568,1.0,3.097652461144706e-05
0.6943450250536864,1.0,3.044632486680857e-05
0.6950608446671439,1.0,2.9385598269089133e-05
0.7050823192555477,1.0,2.504180651055685e-05
0.7258410880458125,1.0,2.451160676591836e-05
0.7802433786685755,1.0,2.4127209542953913e-05
0.7831066571224051,1.0,2.3066482945234472e-05
0.7838224767358626,1.0,2.2976757465642037e-05
0.7852541159627774,1.0,2.2446557721003544e-05
0.9928418038654259,1.0,1.8192491442063704e-05
0.9957050823192556,1.0,1.612744239714889e-05
1.0,1.0,8.104888445780775e-06
