threshold,precision,recall,f1,false_positives,false_negatives
0.1,0.8246913580246914,0.9990029910269193,0.9035166816952209,213,1
0.2,0.8719512195121951,0.9980059820538385,0.9307298930729893,147,2
0.3,0.9128440366972477,0.9920239282153539,0.9507883420926899,95,8
0.4,0.9286384976525821,0.9860418743768694,0.9564796905222437,76,14
0.5,0.9468599033816425,0.9770687936191426,0.9617271835132483,55,23
0.6,0.9618856569709128,0.9561316051844466,0.959,38,44
0.7,0.9699248120300752,0.9002991026919243,0.9338159255429163,28,100
0.8,0.984759671746776,0.8374875373878365,0.9051724137931034,13,163
0.9,0.9915611814345991,0.7028913260219342,0.822637106184364,6,298
